"Step","obs_best_seed0/11-29_18-39 - train/stats.tracking_error","obs_best_seed0/11-29_18-39 - train/stats.tracking_error__MIN","obs_best_seed0/11-29_18-39 - train/stats.tracking_error__MAX"
"1","-0.42644134163856506","-0.42644134163856506","-0.42644134163856506"
"2","-0.42171186208724976","-0.42171186208724976","-0.42171186208724976"
"3","-0.42391645908355713","-0.42391645908355713","-0.42391645908355713"
"4","-0.42560818791389465","-0.42560818791389465","-0.42560818791389465"
"5","-0.4281656742095947","-0.4281656742095947","-0.4281656742095947"
"6","-0.42997291684150696","-0.42997291684150696","-0.42997291684150696"
"8","-0.43376609683036804","-0.43376609683036804","-0.43376609683036804"
"10","-0.43970006704330444","-0.43970006704330444","-0.43970006704330444"
"12","-0.44597578048706055","-0.44597578048706055","-0.44597578048706055"
"14","-0.45385491847991943","-0.45385491847991943","-0.45385491847991943"
"16","-0.459808886051178","-0.459808886051178","-0.459808886051178"
"19","-0.46578213572502136","-0.46578213572502136","-0.46578213572502136"
"25","-0.47417595982551575","-0.47417595982551575","-0.47417595982551575"
"48","-0.20881834626197815","-0.20881834626197815","-0.20881834626197815"
"72","-0.11725610494613647","-0.11725610494613647","-0.11725610494613647"
"96","-0.0978616327047348","-0.0978616327047348","-0.0978616327047348"
"120","-0.07936085760593414","-0.07936085760593414","-0.07936085760593414"
"144","-0.07693908363580704","-0.07693908363580704","-0.07693908363580704"
"168","-0.08610107749700546","-0.08610107749700546","-0.08610107749700546"
"193","-0.08093758672475815","-0.08093758672475815","-0.08093758672475815"
"219","-0.08184012025594711","-0.08184012025594711","-0.08184012025594711"
"251","-0.08583985269069672","-0.08583985269069672","-0.08583985269069672"
"275","-0.09006055444478989","-0.09006055444478989","-0.09006055444478989"
"299","-0.09133073687553406","-0.09133073687553406","-0.09133073687553406"
"323","-0.08990411460399628","-0.08990411460399628","-0.08990411460399628"
"331","-0.15828682482242584","-0.15828682482242584","-0.15828682482242584"
"350","-0.21029207110404968","-0.21029207110404968","-0.21029207110404968"
"371","-0.2255983203649521","-0.2255983203649521","-0.2255983203649521"
"378","-0.2062799334526062","-0.2062799334526062","-0.2062799334526062"
"398","-0.23301635682582855","-0.23301635682582855","-0.23301635682582855"
"401","-0.3428545594215393","-0.3428545594215393","-0.3428545594215393"
"404","-0.37815937399864197","-0.37815937399864197","-0.37815937399864197"
"413","-0.39915695786476135","-0.39915695786476135","-0.39915695786476135"
"422","-0.28639480471611023","-0.28639480471611023","-0.28639480471611023"
"427","-0.3160735070705414","-0.3160735070705414","-0.3160735070705414"
"433","-0.346930593252182","-0.346930593252182","-0.346930593252182"
"446","-0.29374048113822937","-0.29374048113822937","-0.29374048113822937"
"452","-0.28961795568466187","-0.28961795568466187","-0.28961795568466187"
"463","-0.3176322877407074","-0.3176322877407074","-0.3176322877407074"
"473","-0.2608673870563507","-0.2608673870563507","-0.2608673870563507"
"480","-0.27898553013801575","-0.27898553013801575","-0.27898553013801575"
"496","-0.25561174750328064","-0.25561174750328064","-0.25561174750328064"
"504","-0.2526189386844635","-0.2526189386844635","-0.2526189386844635"
"520","-0.2357310652732849","-0.2357310652732849","-0.2357310652732849"
"530","-0.23251524567604065","-0.23251524567604065","-0.23251524567604065"
"547","-0.20959250628948212","-0.20959250628948212","-0.20959250628948212"
"564","-0.21357019245624542","-0.21357019245624542","-0.21357019245624542"
"576","-0.1835523545742035","-0.1835523545742035","-0.1835523545742035"
"596","-0.16168218851089478","-0.16168218851089478","-0.16168218851089478"
"617","-0.14089657366275787","-0.14089657366275787","-0.14089657366275787"
"638","-0.12128625065088272","-0.12128625065088272","-0.12128625065088272"
"659","-0.10810704529285431","-0.10810704529285431","-0.10810704529285431"
"680","-0.08886519819498062","-0.08886519819498062","-0.08886519819498062"
"699","-0.09307732433080673","-0.09307732433080673","-0.09307732433080673"
"720","-0.09018880128860474","-0.09018880128860474","-0.09018880128860474"
"742","-0.08304379135370255","-0.08304379135370255","-0.08304379135370255"
"764","-0.07664928585290909","-0.07664928585290909","-0.07664928585290909"
"787","-0.06636586785316467","-0.06636586785316467","-0.06636586785316467"
"811","-0.052409734576940536","-0.052409734576940536","-0.052409734576940536"
"835","-0.04050414264202118","-0.04050414264202118","-0.04050414264202118"
"859","-0.0354972667992115","-0.0354972667992115","-0.0354972667992115"
"883","-0.032513152807950974","-0.032513152807950974","-0.032513152807950974"
"907","-0.029482532292604446","-0.029482532292604446","-0.029482532292604446"
"931","-0.029406804591417313","-0.029406804591417313","-0.029406804591417313"
"953","-0.04236874356865883","-0.04236874356865883","-0.04236874356865883"
"976","-0.055631209164857864","-0.055631209164857864","-0.055631209164857864"
"999","-0.04949865862727165","-0.04949865862727165","-0.04949865862727165"
"1023","-0.04250357300043106","-0.04250357300043106","-0.04250357300043106"
"1043","-0.11953284591436386","-0.11953284591436386","-0.11953284591436386"
"1048","-0.26881086826324463","-0.26881086826324463","-0.26881086826324463"
"1054","-0.3337889015674591","-0.3337889015674591","-0.3337889015674591"
"1064","-0.29760676622390747","-0.29760676622390747","-0.29760676622390747"
"1072","-0.2774709463119507","-0.2774709463119507","-0.2774709463119507"
"1080","-0.2999354302883148","-0.2999354302883148","-0.2999354302883148"
"1092","-0.27504414319992065","-0.27504414319992065","-0.27504414319992065"
"1100","-0.26619911193847656","-0.26619911193847656","-0.26619911193847656"
"1112","-0.2730299234390259","-0.2730299234390259","-0.2730299234390259"
"1122","-0.2506658732891083","-0.2506658732891083","-0.2506658732891083"
"1133","-0.26395630836486816","-0.26395630836486816","-0.26395630836486816"
"1145","-0.2298135608434677","-0.2298135608434677","-0.2298135608434677"
"1157","-0.2410140484571457","-0.2410140484571457","-0.2410140484571457"
"1171","-0.20946747064590454","-0.20946747064590454","-0.20946747064590454"
"1186","-0.21300415694713593","-0.21300415694713593","-0.21300415694713593"
"1199","-0.19848507642745972","-0.19848507642745972","-0.19848507642745972"
"1216","-0.1877986639738083","-0.1877986639738083","-0.1877986639738083"
"1231","-0.19063518941402435","-0.19063518941402435","-0.19063518941402435"
"1246","-0.17140232026576996","-0.17140232026576996","-0.17140232026576996"
"1264","-0.1591864973306656","-0.1591864973306656","-0.1591864973306656"
"1281","-0.15649038553237915","-0.15649038553237915","-0.15649038553237915"
"1297","-0.14864985644817352","-0.14864985644817352","-0.14864985644817352"
"1316","-0.13267630338668823","-0.13267630338668823","-0.13267630338668823"
"1335","-0.13664467632770538","-0.13664467632770538","-0.13664467632770538"
"1353","-0.13944585621356964","-0.13944585621356964","-0.13944585621356964"
"1371","-0.12367856502532959","-0.12367856502532959","-0.12367856502532959"
"1390","-0.10884405672550201","-0.10884405672550201","-0.10884405672550201"
"1411","-0.09051698446273804","-0.09051698446273804","-0.09051698446273804"
"1431","-0.11363110691308975","-0.11363110691308975","-0.11363110691308975"
"1449","-0.15807661414146423","-0.15807661414146423","-0.15807661414146423"
"1467","-0.1343918740749359","-0.1343918740749359","-0.1343918740749359"
"1486","-0.11961222440004349","-0.11961222440004349","-0.11961222440004349"
"1507","-0.10196557641029358","-0.10196557641029358","-0.10196557641029358"
"1528","-0.09421253949403763","-0.09421253949403763","-0.09421253949403763"
"1549","-0.09441187232732773","-0.09441187232732773","-0.09441187232732773"
"1570","-0.09686999768018723","-0.09686999768018723","-0.09686999768018723"
"1591","-0.09142045676708221","-0.09142045676708221","-0.09142045676708221"
"1612","-0.08169720321893692","-0.08169720321893692","-0.08169720321893692"
"1634","-0.07430823892354965","-0.07430823892354965","-0.07430823892354965"
"1656","-0.06312680244445801","-0.06312680244445801","-0.06312680244445801"
"1678","-0.059128452092409134","-0.059128452092409134","-0.059128452092409134"
"1701","-0.05387255549430847","-0.05387255549430847","-0.05387255549430847"
"1724","-0.04684135690331459","-0.04684135690331459","-0.04684135690331459"
"1747","-0.04143543541431427","-0.04143543541431427","-0.04143543541431427"
"1769","-0.06845984607934952","-0.06845984607934952","-0.06845984607934952"
"1791","-0.0707753449678421","-0.0707753449678421","-0.0707753449678421"
"1814","-0.052668314427137375","-0.052668314427137375","-0.052668314427137375"
"1837","-0.0457209013402462","-0.0457209013402462","-0.0457209013402462"
"1860","-0.042070530354976654","-0.042070530354976654","-0.042070530354976654"
"1884","-0.03608733415603638","-0.03608733415603638","-0.03608733415603638"
"1907","-0.04271809756755829","-0.04271809756755829","-0.04271809756755829"
"1931","-0.035375531762838364","-0.035375531762838364","-0.035375531762838364"
"1955","-0.03309528902173042","-0.03309528902173042","-0.03309528902173042"
"1979","-0.039062485098838806","-0.039062485098838806","-0.039062485098838806"
"2002","-0.04493322968482971","-0.04493322968482971","-0.04493322968482971"
"2026","-0.041102927178144455","-0.041102927178144455","-0.041102927178144455"
"2050","-0.039413806051015854","-0.039413806051015854","-0.039413806051015854"
"2074","-0.04026760905981064","-0.04026760905981064","-0.04026760905981064"
"2098","-0.03698188439011574","-0.03698188439011574","-0.03698188439011574"
"2122","-0.03417973220348358","-0.03417973220348358","-0.03417973220348358"
"2146","-0.03011365421116352","-0.03011365421116352","-0.03011365421116352"
"2170","-0.03262120112776756","-0.03262120112776756","-0.03262120112776756"
"2194","-0.02862631343305111","-0.02862631343305111","-0.02862631343305111"
"2218","-0.025383424013853073","-0.025383424013853073","-0.025383424013853073"
"2242","-0.02303791046142578","-0.02303791046142578","-0.02303791046142578"
"2266","-0.021309232339262962","-0.021309232339262962","-0.021309232339262962"
"2290","-0.019857680425047874","-0.019857680425047874","-0.019857680425047874"
"2314","-0.019347263500094414","-0.019347263500094414","-0.019347263500094414"
"2338","-0.019362851977348328","-0.019362851977348328","-0.019362851977348328"
"2362","-0.018073171377182007","-0.018073171377182007","-0.018073171377182007"
"2386","-0.018126755952835083","-0.018126755952835083","-0.018126755952835083"
"2410","-0.03004475310444832","-0.03004475310444832","-0.03004475310444832"
"2434","-0.03615885600447655","-0.03615885600447655","-0.03615885600447655"
"2458","-0.026786549016833305","-0.026786549016833305","-0.026786549016833305"
"2482","-0.02309202216565609","-0.02309202216565609","-0.02309202216565609"
"2506","-0.02217450737953186","-0.02217450737953186","-0.02217450737953186"
"2530","-0.020829519256949425","-0.020829519256949425","-0.020829519256949425"
"2554","-0.03219025209546089","-0.03219025209546089","-0.03219025209546089"
"2578","-0.03481290116906166","-0.03481290116906166","-0.03481290116906166"
"2602","-0.027433963492512703","-0.027433963492512703","-0.027433963492512703"
"2626","-0.025140803307294846","-0.025140803307294846","-0.025140803307294846"
"2650","-0.022995339706540108","-0.022995339706540108","-0.022995339706540108"
"2674","-0.021482551470398903","-0.021482551470398903","-0.021482551470398903"
"2698","-0.019903559237718582","-0.019903559237718582","-0.019903559237718582"
"2722","-0.02582566626369953","-0.02582566626369953","-0.02582566626369953"
"2746","-0.026317447423934937","-0.026317447423934937","-0.026317447423934937"
"2770","-0.026150444522500038","-0.026150444522500038","-0.026150444522500038"
"2794","-0.02296275459229946","-0.02296275459229946","-0.02296275459229946"
"2818","-0.019899515435099602","-0.019899515435099602","-0.019899515435099602"
"2842","-0.020140470936894417","-0.020140470936894417","-0.020140470936894417"
"2866","-0.018327701836824417","-0.018327701836824417","-0.018327701836824417"
"2890","-0.017688028514385223","-0.017688028514385223","-0.017688028514385223"
"2914","-0.017223233357071877","-0.017223233357071877","-0.017223233357071877"
"2938","-0.01681782864034176","-0.01681782864034176","-0.01681782864034176"
"2962","-0.01646897941827774","-0.01646897941827774","-0.01646897941827774"
"2986","-0.017087003216147423","-0.017087003216147423","-0.017087003216147423"
"3010","-0.01607397198677063","-0.01607397198677063","-0.01607397198677063"
"3034","-0.0160458292812109","-0.0160458292812109","-0.0160458292812109"
"3058","-0.015591397881507874","-0.015591397881507874","-0.015591397881507874"
"3082","-0.015008838847279549","-0.015008838847279549","-0.015008838847279549"
"3106","-0.01537761278450489","-0.01537761278450489","-0.01537761278450489"
"3130","-0.015206488780677319","-0.015206488780677319","-0.015206488780677319"
"3154","-0.014456239528954029","-0.014456239528954029","-0.014456239528954029"
"3178","-0.014431081712245941","-0.014431081712245941","-0.014431081712245941"
"3202","-0.014577756635844707","-0.014577756635844707","-0.014577756635844707"
"3226","-0.01445639319717884","-0.01445639319717884","-0.01445639319717884"
"3250","-0.014372958801686764","-0.014372958801686764","-0.014372958801686764"
"3274","-0.014582658186554909","-0.014582658186554909","-0.014582658186554909"
"3298","-0.01407522615045309","-0.01407522615045309","-0.01407522615045309"
"3322","-0.014556145295500755","-0.014556145295500755","-0.014556145295500755"
"3346","-0.01576511189341545","-0.01576511189341545","-0.01576511189341545"
"3370","-0.01816795952618122","-0.01816795952618122","-0.01816795952618122"
"3394","-0.017999129369854927","-0.017999129369854927","-0.017999129369854927"
"3418","-0.020510129630565643","-0.020510129630565643","-0.020510129630565643"
"3442","-0.022182730957865715","-0.022182730957865715","-0.022182730957865715"
"3466","-0.020655831322073936","-0.020655831322073936","-0.020655831322073936"
"3490","-0.01912396214902401","-0.01912396214902401","-0.01912396214902401"
"3514","-0.016542069613933563","-0.016542069613933563","-0.016542069613933563"
"3538","-0.016370542347431183","-0.016370542347431183","-0.016370542347431183"
"3562","-0.016747675836086273","-0.016747675836086273","-0.016747675836086273"
"3586","-0.017027895897626877","-0.017027895897626877","-0.017027895897626877"
"3610","-0.015510079450905323","-0.015510079450905323","-0.015510079450905323"
"3634","-0.015075691975653172","-0.015075691975653172","-0.015075691975653172"
"3658","-0.014892295934259892","-0.014892295934259892","-0.014892295934259892"
"3682","-0.014701936393976212","-0.014701936393976212","-0.014701936393976212"
"3706","-0.014534244313836098","-0.014534244313836098","-0.014534244313836098"
"3730","-0.013780605047941208","-0.013780605047941208","-0.013780605047941208"
"3754","-0.013782576657831669","-0.013782576657831669","-0.013782576657831669"
"3778","-0.013627993874251842","-0.013627993874251842","-0.013627993874251842"
"3802","-0.0137141402810812","-0.0137141402810812","-0.0137141402810812"
"3826","-0.013501492328941822","-0.013501492328941822","-0.013501492328941822"
"3850","-0.013101519085466862","-0.013101519085466862","-0.013101519085466862"
"3874","-0.013425899669528008","-0.013425899669528008","-0.013425899669528008"
"3898","-0.01386199425905943","-0.01386199425905943","-0.01386199425905943"
"3922","-0.013434525579214096","-0.013434525579214096","-0.013434525579214096"
"3946","-0.01339817512780428","-0.01339817512780428","-0.01339817512780428"
"3970","-0.01359407790005207","-0.01359407790005207","-0.01359407790005207"
"3994","-0.013632076792418957","-0.013632076792418957","-0.013632076792418957"
"4018","-0.014168164692819118","-0.014168164692819118","-0.014168164692819118"
"4042","-0.013983423821628094","-0.013983423821628094","-0.013983423821628094"
"4066","-0.014114460907876492","-0.014114460907876492","-0.014114460907876492"
"4090","-0.014344483613967896","-0.014344483613967896","-0.014344483613967896"
"4114","-0.014181675389409065","-0.014181675389409065","-0.014181675389409065"
"4138","-0.015543114393949509","-0.015543114393949509","-0.015543114393949509"
"4162","-0.016193073242902756","-0.016193073242902756","-0.016193073242902756"
"4186","-0.016757646575570107","-0.016757646575570107","-0.016757646575570107"
"4210","-0.01762476935982704","-0.01762476935982704","-0.01762476935982704"
"4234","-0.01756696216762066","-0.01756696216762066","-0.01756696216762066"
"4258","-0.016375817358493805","-0.016375817358493805","-0.016375817358493805"
"4282","-0.015673652291297913","-0.015673652291297913","-0.015673652291297913"
"4306","-0.015458705835044384","-0.015458705835044384","-0.015458705835044384"
"4330","-0.01618236117064953","-0.01618236117064953","-0.01618236117064953"
"4354","-0.01626139134168625","-0.01626139134168625","-0.01626139134168625"
"4378","-0.016815630719065666","-0.016815630719065666","-0.016815630719065666"
"4402","-0.015868045389652252","-0.015868045389652252","-0.015868045389652252"
"4426","-0.015483797527849674","-0.015483797527849674","-0.015483797527849674"
"4450","-0.015170220285654068","-0.015170220285654068","-0.015170220285654068"
"4474","-0.014946487732231617","-0.014946487732231617","-0.014946487732231617"
"4498","-0.014186213724315166","-0.014186213724315166","-0.014186213724315166"
"4522","-0.014378364197909832","-0.014378364197909832","-0.014378364197909832"
"4546","-0.014329541474580765","-0.014329541474580765","-0.014329541474580765"
"4570","-0.014046939089894295","-0.014046939089894295","-0.014046939089894295"
"4594","-0.013723475858569145","-0.013723475858569145","-0.013723475858569145"
"4618","-0.013413653708994389","-0.013413653708994389","-0.013413653708994389"
"4642","-0.013514893129467964","-0.013514893129467964","-0.013514893129467964"
"4666","-0.013175103813409805","-0.013175103813409805","-0.013175103813409805"
"4690","-0.013181343674659729","-0.013181343674659729","-0.013181343674659729"
"4714","-0.013102466240525246","-0.013102466240525246","-0.013102466240525246"
"4738","-0.01303239818662405","-0.01303239818662405","-0.01303239818662405"
"4762","-0.013217196799814701","-0.013217196799814701","-0.013217196799814701"
"4786","-0.012980896979570389","-0.012980896979570389","-0.012980896979570389"
"4810","-0.012922260910272598","-0.012922260910272598","-0.012922260910272598"
"4834","-0.012948054820299149","-0.012948054820299149","-0.012948054820299149"
"4858","-0.012670890428125858","-0.012670890428125858","-0.012670890428125858"
"4882","-0.013259957544505596","-0.013259957544505596","-0.013259957544505596"
"4906","-0.01979711279273033","-0.01979711279273033","-0.01979711279273033"
"4930","-0.017799731343984604","-0.017799731343984604","-0.017799731343984604"
"4954","-0.029698476195335388","-0.029698476195335388","-0.029698476195335388"
"4975","-0.08258038759231567","-0.08258038759231567","-0.08258038759231567"
"4993","-0.13380219042301178","-0.13380219042301178","-0.13380219042301178"
"5008","-0.15763255953788757","-0.15763255953788757","-0.15763255953788757"
"5024","-0.16505667567253113","-0.16505667567253113","-0.16505667567253113"
"5041","-0.1567533314228058","-0.1567533314228058","-0.1567533314228058"
"5056","-0.1656971424818039","-0.1656971424818039","-0.1656971424818039"
"5072","-0.16074098646640778","-0.16074098646640778","-0.16074098646640778"
"5089","-0.16839727759361267","-0.16839727759361267","-0.16839727759361267"
"5105","-0.15932457149028778","-0.15932457149028778","-0.15932457149028778"
"5121","-0.15799571573734283","-0.15799571573734283","-0.15799571573734283"
"5139","-0.14454369246959686","-0.14454369246959686","-0.14454369246959686"
"5156","-0.15950708091259003","-0.15950708091259003","-0.15950708091259003"
"5172","-0.1547606885433197","-0.1547606885433197","-0.1547606885433197"
"5189","-0.14886516332626343","-0.14886516332626343","-0.14886516332626343"
"5208","-0.1314341425895691","-0.1314341425895691","-0.1314341425895691"
"5225","-0.14706790447235107","-0.14706790447235107","-0.14706790447235107"
"5242","-0.13548757135868073","-0.13548757135868073","-0.13548757135868073"
"5260","-0.1456681340932846","-0.1456681340932846","-0.1456681340932846"
"5278","-0.14841115474700928","-0.14841115474700928","-0.14841115474700928"
"5295","-0.13486090302467346","-0.13486090302467346","-0.13486090302467346"
"5313","-0.12859974801540375","-0.12859974801540375","-0.12859974801540375"
"5332","-0.12370876222848892","-0.12370876222848892","-0.12370876222848892"
"5352","-0.11060830950737","-0.11060830950737","-0.11060830950737"
"5372","-0.10683699697256088","-0.10683699697256088","-0.10683699697256088"
"5391","-0.10784639418125153","-0.10784639418125153","-0.10784639418125153"
"5410","-0.09904976934194565","-0.09904976934194565","-0.09904976934194565"
"5430","-0.0905378982424736","-0.0905378982424736","-0.0905378982424736"
"5451","-0.0805099830031395","-0.0805099830031395","-0.0805099830031395"
"5473","-0.0748792365193367","-0.0748792365193367","-0.0748792365193367"
"5495","-0.06317821145057678","-0.06317821145057678","-0.06317821145057678"
"5518","-0.052784513682127","-0.052784513682127","-0.052784513682127"
"5541","-0.03738728165626526","-0.03738728165626526","-0.03738728165626526"
"5565","-0.032457977533340454","-0.032457977533340454","-0.032457977533340454"
"5589","-0.030553581193089485","-0.030553581193089485","-0.030553581193089485"
"5612","-0.03819167986512184","-0.03819167986512184","-0.03819167986512184"
"5635","-0.03979388624429703","-0.03979388624429703","-0.03979388624429703"
"5658","-0.03707674890756607","-0.03707674890756607","-0.03707674890756607"
"5682","-0.032264381647109985","-0.032264381647109985","-0.032264381647109985"
"5706","-0.03368543088436127","-0.03368543088436127","-0.03368543088436127"
"5729","-0.035042062401771545","-0.035042062401771545","-0.035042062401771545"
"5753","-0.03172963857650757","-0.03172963857650757","-0.03172963857650757"
"5776","-0.0429665632545948","-0.0429665632545948","-0.0429665632545948"
"5799","-0.052665598690509796","-0.052665598690509796","-0.052665598690509796"
"5821","-0.058533232659101486","-0.058533232659101486","-0.058533232659101486"
"5842","-0.07386172562837601","-0.07386172562837601","-0.07386172562837601"
"5864","-0.06674765050411224","-0.06674765050411224","-0.06674765050411224"
"5886","-0.05645199120044708","-0.05645199120044708","-0.05645199120044708"
"5909","-0.04284291714429855","-0.04284291714429855","-0.04284291714429855"
"5932","-0.038938626646995544","-0.038938626646995544","-0.038938626646995544"
"5955","-0.033632613718509674","-0.033632613718509674","-0.033632613718509674"
"5979","-0.02819795534014702","-0.02819795534014702","-0.02819795534014702"
"6002","-0.044174522161483765","-0.044174522161483765","-0.044174522161483765"
"6024","-0.04784886911511421","-0.04784886911511421","-0.04784886911511421"
"6046","-0.05826135352253914","-0.05826135352253914","-0.05826135352253914"
"6068","-0.050504252314567566","-0.050504252314567566","-0.050504252314567566"
"6090","-0.05387315899133682","-0.05387315899133682","-0.05387315899133682"
"6113","-0.04752016067504883","-0.04752016067504883","-0.04752016067504883"
"6136","-0.039223432540893555","-0.039223432540893555","-0.039223432540893555"
"6158","-0.04953679069876671","-0.04953679069876671","-0.04953679069876671"
"6180","-0.050297871232032776","-0.050297871232032776","-0.050297871232032776"
"6203","-0.05311879515647888","-0.05311879515647888","-0.05311879515647888"
"6225","-0.055010147392749786","-0.055010147392749786","-0.055010147392749786"
"6247","-0.061663199216127396","-0.061663199216127396","-0.061663199216127396"
"6270","-0.05298636481165886","-0.05298636481165886","-0.05298636481165886"
"6292","-0.06685908883810043","-0.06685908883810043","-0.06685908883810043"
"6314","-0.0692765861749649","-0.0692765861749649","-0.0692765861749649"
"6336","-0.07127781212329865","-0.07127781212329865","-0.07127781212329865"
"6358","-0.05494310334324837","-0.05494310334324837","-0.05494310334324837"
"6381","-0.0432678647339344","-0.0432678647339344","-0.0432678647339344"
"6404","-0.035743918269872665","-0.035743918269872665","-0.035743918269872665"
"6427","-0.033345967531204224","-0.033345967531204224","-0.033345967531204224"
"6450","-0.04248792305588722","-0.04248792305588722","-0.04248792305588722"
"6472","-0.0629739984869957","-0.0629739984869957","-0.0629739984869957"
"6493","-0.07075173407793045","-0.07075173407793045","-0.07075173407793045"
"6515","-0.0598556213080883","-0.0598556213080883","-0.0598556213080883"
"6537","-0.04746483266353607","-0.04746483266353607","-0.04746483266353607"
"6560","-0.03957904502749443","-0.03957904502749443","-0.03957904502749443"
"6584","-0.028210479766130447","-0.028210479766130447","-0.028210479766130447"
"6608","-0.027195874601602554","-0.027195874601602554","-0.027195874601602554"
"6632","-0.023597968742251396","-0.023597968742251396","-0.023597968742251396"
"6656","-0.021397065371274948","-0.021397065371274948","-0.021397065371274948"
"6680","-0.02224562130868435","-0.02224562130868435","-0.02224562130868435"
"6704","-0.022366829216480255","-0.022366829216480255","-0.022366829216480255"
"6728","-0.018564071506261826","-0.018564071506261826","-0.018564071506261826"
"6752","-0.01907968334853649","-0.01907968334853649","-0.01907968334853649"
"6776","-0.01822691224515438","-0.01822691224515438","-0.01822691224515438"
"6800","-0.016880717128515244","-0.016880717128515244","-0.016880717128515244"
"6824","-0.016006965190172195","-0.016006965190172195","-0.016006965190172195"
"6848","-0.015620043501257896","-0.015620043501257896","-0.015620043501257896"
"6872","-0.015432853251695633","-0.015432853251695633","-0.015432853251695633"
"6896","-0.01490783877670765","-0.01490783877670765","-0.01490783877670765"
"6920","-0.014618774875998497","-0.014618774875998497","-0.014618774875998497"
"6944","-0.015506547875702381","-0.015506547875702381","-0.015506547875702381"
"6968","-0.015786150470376015","-0.015786150470376015","-0.015786150470376015"
"6992","-0.018206937238574028","-0.018206937238574028","-0.018206937238574028"
"7016","-0.020624397322535515","-0.020624397322535515","-0.020624397322535515"
"7040","-0.024389881640672684","-0.024389881640672684","-0.024389881640672684"
"7064","-0.023277297616004944","-0.023277297616004944","-0.023277297616004944"
"7088","-0.02002762071788311","-0.02002762071788311","-0.02002762071788311"
"7112","-0.0193988848477602","-0.0193988848477602","-0.0193988848477602"
"7136","-0.01816750317811966","-0.01816750317811966","-0.01816750317811966"
"7160","-0.01695312187075615","-0.01695312187075615","-0.01695312187075615"
"7184","-0.015914898365736008","-0.015914898365736008","-0.015914898365736008"
"7208","-0.01628185249865055","-0.01628185249865055","-0.01628185249865055"
"7232","-0.016736112534999847","-0.016736112534999847","-0.016736112534999847"
"7256","-0.015672700479626656","-0.015672700479626656","-0.015672700479626656"
"7280","-0.015137656591832638","-0.015137656591832638","-0.015137656591832638"
"7304","-0.015055154450237751","-0.015055154450237751","-0.015055154450237751"
"7328","-0.014457096345722675","-0.014457096345722675","-0.014457096345722675"
"7352","-0.014577311463654041","-0.014577311463654041","-0.014577311463654041"
"7376","-0.014348034746944904","-0.014348034746944904","-0.014348034746944904"
"7400","-0.014011836610734463","-0.014011836610734463","-0.014011836610734463"
"7424","-0.013793549500405788","-0.013793549500405788","-0.013793549500405788"
"7448","-0.013232042081654072","-0.013232042081654072","-0.013232042081654072"
"7472","-0.01292470097541809","-0.01292470097541809","-0.01292470097541809"
"7496","-0.012803579680621624","-0.012803579680621624","-0.012803579680621624"
"7520","-0.013347188010811806","-0.013347188010811806","-0.013347188010811806"
"7544","-0.013143074698746204","-0.013143074698746204","-0.013143074698746204"
"7568","-0.014293125830590725","-0.014293125830590725","-0.014293125830590725"
"7592","-0.014697933569550514","-0.014697933569550514","-0.014697933569550514"
"7616","-0.014600730501115322","-0.014600730501115322","-0.014600730501115322"
"7640","-0.015452674590051174","-0.015452674590051174","-0.015452674590051174"
"7664","-0.01420648768544197","-0.01420648768544197","-0.01420648768544197"
"7688","-0.01428111083805561","-0.01428111083805561","-0.01428111083805561"
"7712","-0.014853695407509804","-0.014853695407509804","-0.014853695407509804"
"7736","-0.014286069199442863","-0.014286069199442863","-0.014286069199442863"
"7760","-0.013742622919380665","-0.013742622919380665","-0.013742622919380665"
"7784","-0.01355424802750349","-0.01355424802750349","-0.01355424802750349"
"7808","-0.013501510955393314","-0.013501510955393314","-0.013501510955393314"
"7832","-0.013313302770256996","-0.013313302770256996","-0.013313302770256996"
"7856","-0.014239911921322346","-0.014239911921322346","-0.014239911921322346"
"7880","-0.015911497175693512","-0.015911497175693512","-0.015911497175693512"
"7904","-0.014277201145887375","-0.014277201145887375","-0.014277201145887375"
"7928","-0.015571092255413532","-0.015571092255413532","-0.015571092255413532"
"7952","-0.014226602390408516","-0.014226602390408516","-0.014226602390408516"
"7976","-0.013493002392351627","-0.013493002392351627","-0.013493002392351627"
"8000","-0.013438244350254536","-0.013438244350254536","-0.013438244350254536"
"8024","-0.01276638638228178","-0.01276638638228178","-0.01276638638228178"
"8048","-0.012796656228601933","-0.012796656228601933","-0.012796656228601933"
"8072","-0.012863817624747753","-0.012863817624747753","-0.012863817624747753"
"8096","-0.012840445153415203","-0.012840445153415203","-0.012840445153415203"
"8120","-0.013097363524138927","-0.013097363524138927","-0.013097363524138927"
"8144","-0.013203582726418972","-0.013203582726418972","-0.013203582726418972"
"8168","-0.012942451052367687","-0.012942451052367687","-0.012942451052367687"
"8192","-0.013710685074329376","-0.013710685074329376","-0.013710685074329376"
"8216","-0.013659060001373291","-0.013659060001373291","-0.013659060001373291"
"8240","-0.01319518405944109","-0.01319518405944109","-0.01319518405944109"
"8264","-0.013223407790064812","-0.013223407790064812","-0.013223407790064812"
"8288","-0.013416237197816372","-0.013416237197816372","-0.013416237197816372"
"8312","-0.013257946819067001","-0.013257946819067001","-0.013257946819067001"
"8336","-0.013106671161949635","-0.013106671161949635","-0.013106671161949635"
"8360","-0.012629272416234016","-0.012629272416234016","-0.012629272416234016"
"8384","-0.012442798353731632","-0.012442798353731632","-0.012442798353731632"
"8408","-0.012665200047194958","-0.012665200047194958","-0.012665200047194958"
"8432","-0.012869957834482193","-0.012869957834482193","-0.012869957834482193"
"8456","-0.012729405425488949","-0.012729405425488949","-0.012729405425488949"
"8480","-0.01269606314599514","-0.01269606314599514","-0.01269606314599514"
"8504","-0.0128462640568614","-0.0128462640568614","-0.0128462640568614"
"8528","-0.013047052547335625","-0.013047052547335625","-0.013047052547335625"
"8552","-0.012786763720214367","-0.012786763720214367","-0.012786763720214367"
"8576","-0.012526366859674454","-0.012526366859674454","-0.012526366859674454"
"8600","-0.012791959568858147","-0.012791959568858147","-0.012791959568858147"
"8624","-0.01312343031167984","-0.01312343031167984","-0.01312343031167984"
"8648","-0.012660442851483822","-0.012660442851483822","-0.012660442851483822"
"8672","-0.01289234310388565","-0.01289234310388565","-0.01289234310388565"
"8696","-0.013057960197329521","-0.013057960197329521","-0.013057960197329521"
"8720","-0.013883011415600777","-0.013883011415600777","-0.013883011415600777"
"8744","-0.014816372655332088","-0.014816372655332088","-0.014816372655332088"
"8768","-0.013962296769022942","-0.013962296769022942","-0.013962296769022942"
"8792","-0.014161957427859306","-0.014161957427859306","-0.014161957427859306"
"8816","-0.014650651253759861","-0.014650651253759861","-0.014650651253759861"
"8840","-0.016135303303599358","-0.016135303303599358","-0.016135303303599358"
"8864","-0.019126715138554573","-0.019126715138554573","-0.019126715138554573"
"8888","-0.01999320648610592","-0.01999320648610592","-0.01999320648610592"
"8912","-0.02347053587436676","-0.02347053587436676","-0.02347053587436676"
"8936","-0.021264372393488884","-0.021264372393488884","-0.021264372393488884"
"8960","-0.020808104425668716","-0.020808104425668716","-0.020808104425668716"
"8984","-0.018179282546043396","-0.018179282546043396","-0.018179282546043396"
"9008","-0.017020784318447113","-0.017020784318447113","-0.017020784318447113"
"9032","-0.01602848246693611","-0.01602848246693611","-0.01602848246693611"
"9056","-0.019915515556931496","-0.019915515556931496","-0.019915515556931496"
"9080","-0.01967787556350231","-0.01967787556350231","-0.01967787556350231"
"9104","-0.03258858248591423","-0.03258858248591423","-0.03258858248591423"
"9128","-0.029865968972444534","-0.029865968972444534","-0.029865968972444534"
"9152","-0.027003074064850807","-0.027003074064850807","-0.027003074064850807"
"9176","-0.02524290606379509","-0.02524290606379509","-0.02524290606379509"
"9200","-0.021325863897800446","-0.021325863897800446","-0.021325863897800446"
"9224","-0.0185704343020916","-0.0185704343020916","-0.0185704343020916"
"9248","-0.018368085846304893","-0.018368085846304893","-0.018368085846304893"
"9272","-0.017699196934700012","-0.017699196934700012","-0.017699196934700012"
"9296","-0.016230955719947815","-0.016230955719947815","-0.016230955719947815"
"9320","-0.016140634194016457","-0.016140634194016457","-0.016140634194016457"
"9344","-0.016178568825125694","-0.016178568825125694","-0.016178568825125694"
"9368","-0.015076619572937489","-0.015076619572937489","-0.015076619572937489"
"9392","-0.014879867434501648","-0.014879867434501648","-0.014879867434501648"
"9416","-0.014609621837735176","-0.014609621837735176","-0.014609621837735176"
"9440","-0.014675273559987545","-0.014675273559987545","-0.014675273559987545"
"9464","-0.014497080817818642","-0.014497080817818642","-0.014497080817818642"
"9488","-0.015123022720217705","-0.015123022720217705","-0.015123022720217705"
"9512","-0.014615126885473728","-0.014615126885473728","-0.014615126885473728"
"9536","-0.01453616563230753","-0.01453616563230753","-0.01453616563230753"
"9560","-0.014911117032170296","-0.014911117032170296","-0.014911117032170296"
"9584","-0.014290060847997665","-0.014290060847997665","-0.014290060847997665"
"9608","-0.014177693985402584","-0.014177693985402584","-0.014177693985402584"
"9632","-0.014316044747829437","-0.014316044747829437","-0.014316044747829437"
"9656","-0.014234927482903004","-0.014234927482903004","-0.014234927482903004"
"9680","-0.013894135132431984","-0.013894135132431984","-0.013894135132431984"
"9704","-0.013834526762366295","-0.013834526762366295","-0.013834526762366295"
"9728","-0.012989779934287071","-0.012989779934287071","-0.012989779934287071"
"9752","-0.013301174156367779","-0.013301174156367779","-0.013301174156367779"
"9776","-0.012828351929783821","-0.012828351929783821","-0.012828351929783821"
"9800","-0.013126630336046219","-0.013126630336046219","-0.013126630336046219"
"9824","-0.0127165038138628","-0.0127165038138628","-0.0127165038138628"
"9848","-0.012844273820519447","-0.012844273820519447","-0.012844273820519447"
"9872","-0.012225136160850525","-0.012225136160850525","-0.012225136160850525"
"9896","-0.012623145245015621","-0.012623145245015621","-0.012623145245015621"
"9920","-0.012591985985636711","-0.012591985985636711","-0.012591985985636711"
"9944","-0.01202493067830801","-0.01202493067830801","-0.01202493067830801"
"9968","-0.012151121161878109","-0.012151121161878109","-0.012151121161878109"
"9992","-0.012379981577396393","-0.012379981577396393","-0.012379981577396393"
"10016","-0.012244279496371746","-0.012244279496371746","-0.012244279496371746"
"10040","-0.012580032460391521","-0.012580032460391521","-0.012580032460391521"
"10064","-0.012130528688430786","-0.012130528688430786","-0.012130528688430786"
"10088","-0.01189522072672844","-0.01189522072672844","-0.01189522072672844"
"10112","-0.011876460164785385","-0.011876460164785385","-0.011876460164785385"
"10136","-0.011933404952287674","-0.011933404952287674","-0.011933404952287674"
"10160","-0.012187901884317398","-0.012187901884317398","-0.012187901884317398"
"10184","-0.011918269097805023","-0.011918269097805023","-0.011918269097805023"
"10208","-0.01222256664186716","-0.01222256664186716","-0.01222256664186716"
"10232","-0.012101094238460064","-0.012101094238460064","-0.012101094238460064"
"10256","-0.012107073329389095","-0.012107073329389095","-0.012107073329389095"
"10280","-0.011844189837574959","-0.011844189837574959","-0.011844189837574959"
"10304","-0.011978481896221638","-0.011978481896221638","-0.011978481896221638"
"10328","-0.011584538966417313","-0.011584538966417313","-0.011584538966417313"
"10352","-0.011433238163590431","-0.011433238163590431","-0.011433238163590431"
"10376","-0.011638497933745384","-0.011638497933745384","-0.011638497933745384"
"10400","-0.01161482185125351","-0.01161482185125351","-0.01161482185125351"
"10424","-0.011676961556077003","-0.011676961556077003","-0.011676961556077003"
"10448","-0.011702954769134521","-0.011702954769134521","-0.011702954769134521"
"10472","-0.011717315763235092","-0.011717315763235092","-0.011717315763235092"
"10496","-0.011873165145516396","-0.011873165145516396","-0.011873165145516396"
"10520","-0.01170913316309452","-0.01170913316309452","-0.01170913316309452"
"10544","-0.011527730152010918","-0.011527730152010918","-0.011527730152010918"
"10568","-0.011622094549238682","-0.011622094549238682","-0.011622094549238682"
"10592","-0.011370185762643814","-0.011370185762643814","-0.011370185762643814"
"10616","-0.011439030058681965","-0.011439030058681965","-0.011439030058681965"
"10640","-0.011758330278098583","-0.011758330278098583","-0.011758330278098583"
"10664","-0.01174759678542614","-0.01174759678542614","-0.01174759678542614"
"10688","-0.011385125108063221","-0.011385125108063221","-0.011385125108063221"
"10712","-0.01159331202507019","-0.01159331202507019","-0.01159331202507019"
"10736","-0.011552388779819012","-0.011552388779819012","-0.011552388779819012"
"10760","-0.011513723991811275","-0.011513723991811275","-0.011513723991811275"
"10784","-0.011896398849785328","-0.011896398849785328","-0.011896398849785328"
"10808","-0.012403923086822033","-0.012403923086822033","-0.012403923086822033"
"10832","-0.012273656204342842","-0.012273656204342842","-0.012273656204342842"
"10856","-0.012258089147508144","-0.012258089147508144","-0.012258089147508144"
"10880","-0.012041349895298481","-0.012041349895298481","-0.012041349895298481"
"10904","-0.012359139509499073","-0.012359139509499073","-0.012359139509499073"
"10928","-0.012157851830124855","-0.012157851830124855","-0.012157851830124855"
"10952","-0.012117977254092693","-0.012117977254092693","-0.012117977254092693"
"10976","-0.013486489653587341","-0.013486489653587341","-0.013486489653587341"
"11000","-0.013278396800160408","-0.013278396800160408","-0.013278396800160408"
"11024","-0.013622840866446495","-0.013622840866446495","-0.013622840866446495"
"11048","-0.013816538266837597","-0.013816538266837597","-0.013816538266837597"
"11072","-0.014281566254794598","-0.014281566254794598","-0.014281566254794598"
"11096","-0.014039916917681694","-0.014039916917681694","-0.014039916917681694"
"11120","-0.013609876856207848","-0.013609876856207848","-0.013609876856207848"
"11144","-0.014322824776172638","-0.014322824776172638","-0.014322824776172638"
"11168","-0.020887307822704315","-0.020887307822704315","-0.020887307822704315"
"11192","-0.0198060255497694","-0.0198060255497694","-0.0198060255497694"
"11216","-0.020080240443348885","-0.020080240443348885","-0.020080240443348885"
"11240","-0.025294262915849686","-0.025294262915849686","-0.025294262915849686"
"11264","-0.02267075888812542","-0.02267075888812542","-0.02267075888812542"
"11288","-0.022879788652062416","-0.022879788652062416","-0.022879788652062416"
"11312","-0.018887588754296303","-0.018887588754296303","-0.018887588754296303"
"11336","-0.018001481890678406","-0.018001481890678406","-0.018001481890678406"
"11360","-0.017116863280534744","-0.017116863280534744","-0.017116863280534744"
"11384","-0.016444874927401543","-0.016444874927401543","-0.016444874927401543"
"11408","-0.01540602557361126","-0.01540602557361126","-0.01540602557361126"
"11432","-0.015705864876508713","-0.015705864876508713","-0.015705864876508713"
"11456","-0.015018693171441555","-0.015018693171441555","-0.015018693171441555"
"11480","-0.0141011206433177","-0.0141011206433177","-0.0141011206433177"
"11504","-0.013688797131180763","-0.013688797131180763","-0.013688797131180763"
"11528","-0.013101582415401936","-0.013101582415401936","-0.013101582415401936"
"11552","-0.012875055894255638","-0.012875055894255638","-0.012875055894255638"
"11576","-0.013195561245083809","-0.013195561245083809","-0.013195561245083809"
"11600","-0.013012205250561237","-0.013012205250561237","-0.013012205250561237"
"11624","-0.01268031820654869","-0.01268031820654869","-0.01268031820654869"
"11648","-0.01210575271397829","-0.01210575271397829","-0.01210575271397829"
"11672","-0.01216442883014679","-0.01216442883014679","-0.01216442883014679"
"11696","-0.012318954803049564","-0.012318954803049564","-0.012318954803049564"
"11720","-0.012000633403658867","-0.012000633403658867","-0.012000633403658867"
"11744","-0.012154524214565754","-0.012154524214565754","-0.012154524214565754"
"11768","-0.012170898728072643","-0.012170898728072643","-0.012170898728072643"
"11792","-0.01170163881033659","-0.01170163881033659","-0.01170163881033659"
"11816","-0.011755133979022503","-0.011755133979022503","-0.011755133979022503"
"11840","-0.011646395549178123","-0.011646395549178123","-0.011646395549178123"
"11864","-0.01171488780528307","-0.01171488780528307","-0.01171488780528307"
"11888","-0.011269324459135532","-0.011269324459135532","-0.011269324459135532"
"11912","-0.011292978189885616","-0.011292978189885616","-0.011292978189885616"
"11936","-0.011185595765709877","-0.011185595765709877","-0.011185595765709877"
"11960","-0.010896838270127773","-0.010896838270127773","-0.010896838270127773"
"11984","-0.011383281089365482","-0.011383281089365482","-0.011383281089365482"
"12008","-0.010993915610015392","-0.010993915610015392","-0.010993915610015392"
"12032","-0.011150228790938854","-0.011150228790938854","-0.011150228790938854"
"12056","-0.010814406909048557","-0.010814406909048557","-0.010814406909048557"
"12080","-0.010718711651861668","-0.010718711651861668","-0.010718711651861668"
"12104","-0.010770611464977264","-0.010770611464977264","-0.010770611464977264"
"12128","-0.01065461989492178","-0.01065461989492178","-0.01065461989492178"
"12152","-0.010664176195859909","-0.010664176195859909","-0.010664176195859909"
"12176","-0.010758670046925545","-0.010758670046925545","-0.010758670046925545"
"12200","-0.010792961344122887","-0.010792961344122887","-0.010792961344122887"
"12224","-0.010601810179650784","-0.010601810179650784","-0.010601810179650784"
"12248","-0.010674228891730309","-0.010674228891730309","-0.010674228891730309"
"12272","-0.010771731846034527","-0.010771731846034527","-0.010771731846034527"
"12296","-0.010756948962807655","-0.010756948962807655","-0.010756948962807655"
"12320","-0.010716346092522144","-0.010716346092522144","-0.010716346092522144"
"12344","-0.010677950456738472","-0.010677950456738472","-0.010677950456738472"
"12368","-0.010699477046728134","-0.010699477046728134","-0.010699477046728134"
"12392","-0.01052519679069519","-0.01052519679069519","-0.01052519679069519"
"12416","-0.010724302381277084","-0.010724302381277084","-0.010724302381277084"
"12440","-0.010599497705698013","-0.010599497705698013","-0.010599497705698013"
"12464","-0.010807067155838013","-0.010807067155838013","-0.010807067155838013"
"12488","-0.010747503489255905","-0.010747503489255905","-0.010747503489255905"
"12512","-0.01083308830857277","-0.01083308830857277","-0.01083308830857277"
"12536","-0.010981224477291107","-0.010981224477291107","-0.010981224477291107"
"12560","-0.011141771450638771","-0.011141771450638771","-0.011141771450638771"
"12584","-0.010799593292176723","-0.010799593292176723","-0.010799593292176723"
"12608","-0.01111175399273634","-0.01111175399273634","-0.01111175399273634"
"12632","-0.010947088710963726","-0.010947088710963726","-0.010947088710963726"
"12656","-0.011150558479130268","-0.011150558479130268","-0.011150558479130268"
"12680","-0.010855326429009438","-0.010855326429009438","-0.010855326429009438"
"12704","-0.011042389087378979","-0.011042389087378979","-0.011042389087378979"
"12728","-0.010675180703401566","-0.010675180703401566","-0.010675180703401566"
"12752","-0.010454641655087471","-0.010454641655087471","-0.010454641655087471"
"12776","-0.010594625025987625","-0.010594625025987625","-0.010594625025987625"
"12800","-0.01071874238550663","-0.01071874238550663","-0.01071874238550663"
"12824","-0.010605651885271072","-0.010605651885271072","-0.010605651885271072"
"12848","-0.010501229204237461","-0.010501229204237461","-0.010501229204237461"
"12872","-0.010856828652322292","-0.010856828652322292","-0.010856828652322292"
"12896","-0.010518180206418037","-0.010518180206418037","-0.010518180206418037"
"12920","-0.010640855878591537","-0.010640855878591537","-0.010640855878591537"
"12944","-0.010713163763284683","-0.010713163763284683","-0.010713163763284683"
"12968","-0.010477546602487564","-0.010477546602487564","-0.010477546602487564"
"12992","-0.010241665877401829","-0.010241665877401829","-0.010241665877401829"
"13016","-0.010330879129469395","-0.010330879129469395","-0.010330879129469395"
"13040","-0.010699586011469364","-0.010699586011469364","-0.010699586011469364"
"13064","-0.011061049997806549","-0.011061049997806549","-0.011061049997806549"
"13088","-0.010636708699166775","-0.010636708699166775","-0.010636708699166775"
"13112","-0.01027044840157032","-0.01027044840157032","-0.01027044840157032"
"13136","-0.010491703636944294","-0.010491703636944294","-0.010491703636944294"
"13160","-0.010531152598559856","-0.010531152598559856","-0.010531152598559856"
"13184","-0.010885796509683132","-0.010885796509683132","-0.010885796509683132"
"13208","-0.010581021197140217","-0.010581021197140217","-0.010581021197140217"
"13232","-0.010474584996700287","-0.010474584996700287","-0.010474584996700287"
"13256","-0.010552291758358479","-0.010552291758358479","-0.010552291758358479"
"13280","-0.010547778569161892","-0.010547778569161892","-0.010547778569161892"
"13304","-0.010249359533190727","-0.010249359533190727","-0.010249359533190727"
"13328","-0.010782103054225445","-0.010782103054225445","-0.010782103054225445"
"13352","-0.01053906511515379","-0.01053906511515379","-0.01053906511515379"
"13376","-0.010375394485890865","-0.010375394485890865","-0.010375394485890865"
"13400","-0.010546805337071419","-0.010546805337071419","-0.010546805337071419"
"13424","-0.010931385681033134","-0.010931385681033134","-0.010931385681033134"
"13448","-0.010776312090456486","-0.010776312090456486","-0.010776312090456486"
"13472","-0.010630969889461994","-0.010630969889461994","-0.010630969889461994"
"13496","-0.010590710677206516","-0.010590710677206516","-0.010590710677206516"
"13520","-0.01075827982276678","-0.01075827982276678","-0.01075827982276678"
"13544","-0.011032096110284328","-0.011032096110284328","-0.011032096110284328"
"13568","-0.011660952121019363","-0.011660952121019363","-0.011660952121019363"
"13592","-0.013665275648236275","-0.013665275648236275","-0.013665275648236275"
"13616","-0.013094032183289528","-0.013094032183289528","-0.013094032183289528"
"13640","-0.012682460248470306","-0.012682460248470306","-0.012682460248470306"
"13664","-0.012445998378098011","-0.012445998378098011","-0.012445998378098011"
"13688","-0.012033529579639435","-0.012033529579639435","-0.012033529579639435"
"13712","-0.012156025506556034","-0.012156025506556034","-0.012156025506556034"
"13736","-0.011755647137761116","-0.011755647137761116","-0.011755647137761116"
"13760","-0.011689805425703526","-0.011689805425703526","-0.011689805425703526"
"13784","-0.011719487607479095","-0.011719487607479095","-0.011719487607479095"
"13808","-0.011700233444571495","-0.011700233444571495","-0.011700233444571495"
"13832","-0.011985787190496922","-0.011985787190496922","-0.011985787190496922"
"13856","-0.012055482715368271","-0.012055482715368271","-0.012055482715368271"
"13880","-0.011912942864000797","-0.011912942864000797","-0.011912942864000797"
"13904","-0.011845272034406662","-0.011845272034406662","-0.011845272034406662"
"13928","-0.01168691273778677","-0.01168691273778677","-0.01168691273778677"
"13952","-0.011637897230684757","-0.011637897230684757","-0.011637897230684757"
"13976","-0.011672657914459705","-0.011672657914459705","-0.011672657914459705"
"14000","-0.011834513396024704","-0.011834513396024704","-0.011834513396024704"
"14024","-0.011756664142012596","-0.011756664142012596","-0.011756664142012596"
"14048","-0.011905591934919357","-0.011905591934919357","-0.011905591934919357"
"14072","-0.011887457221746445","-0.011887457221746445","-0.011887457221746445"
"14096","-0.012501687742769718","-0.012501687742769718","-0.012501687742769718"
"14120","-0.012349991127848625","-0.012349991127848625","-0.012349991127848625"
"14144","-0.01218163687735796","-0.01218163687735796","-0.01218163687735796"
"14168","-0.011791156604886055","-0.011791156604886055","-0.011791156604886055"
"14192","-0.01214884128421545","-0.01214884128421545","-0.01214884128421545"
"14216","-0.012305520474910736","-0.012305520474910736","-0.012305520474910736"
"14240","-0.011942031793296337","-0.011942031793296337","-0.011942031793296337"
"14264","-0.012223686091601849","-0.012223686091601849","-0.012223686091601849"
"14288","-0.01195146981626749","-0.01195146981626749","-0.01195146981626749"
"14312","-0.011804669164121151","-0.011804669164121151","-0.011804669164121151"
"14336","-0.01158235128968954","-0.01158235128968954","-0.01158235128968954"
"14360","-0.01195510569959879","-0.01195510569959879","-0.01195510569959879"
"14384","-0.011766540817916393","-0.011766540817916393","-0.011766540817916393"
"14408","-0.011332129128277302","-0.011332129128277302","-0.011332129128277302"
"14432","-0.011632779613137245","-0.011632779613137245","-0.011632779613137245"
"14456","-0.011590179055929184","-0.011590179055929184","-0.011590179055929184"
"14480","-0.011292288079857826","-0.011292288079857826","-0.011292288079857826"
"14504","-0.011588345281779766","-0.011588345281779766","-0.011588345281779766"
"14528","-0.011373167857527733","-0.011373167857527733","-0.011373167857527733"
"14552","-0.011514759622514248","-0.011514759622514248","-0.011514759622514248"
"14576","-0.011713667772710323","-0.011713667772710323","-0.011713667772710323"
"14600","-0.01158094685524702","-0.01158094685524702","-0.01158094685524702"
"14624","-0.011559096165001392","-0.011559096165001392","-0.011559096165001392"
"14648","-0.011688071303069592","-0.011688071303069592","-0.011688071303069592"
"14672","-0.011680111289024353","-0.011680111289024353","-0.011680111289024353"
"14696","-0.011496308259665966","-0.011496308259665966","-0.011496308259665966"
"14720","-0.01154134888201952","-0.01154134888201952","-0.01154134888201952"
"14744","-0.011670820415019989","-0.011670820415019989","-0.011670820415019989"
"14768","-0.011347852647304535","-0.011347852647304535","-0.011347852647304535"
"14792","-0.011358429677784443","-0.011358429677784443","-0.011358429677784443"
"14816","-0.011514771729707718","-0.011514771729707718","-0.011514771729707718"
"14840","-0.011719261296093464","-0.011719261296093464","-0.011719261296093464"
"14864","-0.011493229307234287","-0.011493229307234287","-0.011493229307234287"
"14888","-0.011390207335352898","-0.011390207335352898","-0.011390207335352898"
"14912","-0.011536065489053726","-0.011536065489053726","-0.011536065489053726"
"14936","-0.01120346412062645","-0.01120346412062645","-0.01120346412062645"
"14960","-0.011082249693572521","-0.011082249693572521","-0.011082249693572521"
"14984","-0.011276023462414742","-0.011276023462414742","-0.011276023462414742"
"15008","-0.010874509811401367","-0.010874509811401367","-0.010874509811401367"
"15032","-0.010855509899556637","-0.010855509899556637","-0.010855509899556637"
"15056","-0.011080189608037472","-0.011080189608037472","-0.011080189608037472"
"15080","-0.011079502291977406","-0.011079502291977406","-0.011079502291977406"
"15104","-0.010745819658041","-0.010745819658041","-0.010745819658041"
"15128","-0.010994300246238708","-0.010994300246238708","-0.010994300246238708"
"15152","-0.010960876010358334","-0.010960876010358334","-0.010960876010358334"
"15176","-0.011167772114276886","-0.011167772114276886","-0.011167772114276886"
"15200","-0.010758140124380589","-0.010758140124380589","-0.010758140124380589"
"15224","-0.010931228287518024","-0.010931228287518024","-0.010931228287518024"
"15248","-0.010882552713155746","-0.010882552713155746","-0.010882552713155746"
"15272","-0.01079337764531374","-0.01079337764531374","-0.01079337764531374"
"15296","-0.010961574502289295","-0.010961574502289295","-0.010961574502289295"
"15320","-0.010879799723625183","-0.010879799723625183","-0.010879799723625183"
"15344","-0.010978889651596546","-0.010978889651596546","-0.010978889651596546"
"15368","-0.01084554847329855","-0.01084554847329855","-0.01084554847329855"
"15392","-0.010702548548579216","-0.010702548548579216","-0.010702548548579216"
"15416","-0.010829173028469086","-0.010829173028469086","-0.010829173028469086"
"15440","-0.011026686057448387","-0.011026686057448387","-0.011026686057448387"
"15464","-0.011233009397983551","-0.011233009397983551","-0.011233009397983551"
"15488","-0.011215178295969963","-0.011215178295969963","-0.011215178295969963"
"15512","-0.011265820823609829","-0.011265820823609829","-0.011265820823609829"
"15536","-0.010682625696063042","-0.010682625696063042","-0.010682625696063042"
"15560","-0.01083870604634285","-0.01083870604634285","-0.01083870604634285"
"15584","-0.010924284346401691","-0.010924284346401691","-0.010924284346401691"
"15608","-0.011092979460954666","-0.011092979460954666","-0.011092979460954666"
"15632","-0.01090035866945982","-0.01090035866945982","-0.01090035866945982"
"15656","-0.010808480903506279","-0.010808480903506279","-0.010808480903506279"
"15680","-0.010868610814213753","-0.010868610814213753","-0.010868610814213753"
"15704","-0.01080810185521841","-0.01080810185521841","-0.01080810185521841"
"15728","-0.010790755972266197","-0.010790755972266197","-0.010790755972266197"
"15752","-0.0111004039645195","-0.0111004039645195","-0.0111004039645195"
"15776","-0.011483458802103996","-0.011483458802103996","-0.011483458802103996"
"15800","-0.011069933883845806","-0.011069933883845806","-0.011069933883845806"
"15824","-0.011068648658692837","-0.011068648658692837","-0.011068648658692837"
"15848","-0.01071530394256115","-0.01071530394256115","-0.01071530394256115"
"15872","-0.010709350928664207","-0.010709350928664207","-0.010709350928664207"
"15896","-0.010891525074839592","-0.010891525074839592","-0.010891525074839592"
"15920","-0.010928353294730186","-0.010928353294730186","-0.010928353294730186"
"15944","-0.010912579484283924","-0.010912579484283924","-0.010912579484283924"
"15968","-0.0108767319470644","-0.0108767319470644","-0.0108767319470644"
"15992","-0.010963785462081432","-0.010963785462081432","-0.010963785462081432"
"16016","-0.010648058727383614","-0.010648058727383614","-0.010648058727383614"
"16040","-0.011064502410590649","-0.011064502410590649","-0.011064502410590649"
"16064","-0.011099118739366531","-0.011099118739366531","-0.011099118739366531"
"16088","-0.010809605941176414","-0.010809605941176414","-0.010809605941176414"
"16112","-0.011005459353327751","-0.011005459353327751","-0.011005459353327751"
"16136","-0.01081259548664093","-0.01081259548664093","-0.01081259548664093"
"16160","-0.010867742821574211","-0.010867742821574211","-0.010867742821574211"
"16184","-0.010468532331287861","-0.010468532331287861","-0.010468532331287861"
"16208","-0.010828472673892975","-0.010828472673892975","-0.010828472673892975"
"16232","-0.010909595526754856","-0.010909595526754856","-0.010909595526754856"
"16256","-0.01070921029895544","-0.01070921029895544","-0.01070921029895544"
"16280","-0.010813562199473381","-0.010813562199473381","-0.010813562199473381"
"16304","-0.010655168443918228","-0.010655168443918228","-0.010655168443918228"
"16328","-0.010889765806496143","-0.010889765806496143","-0.010889765806496143"
"16352","-0.010963690467178822","-0.010963690467178822","-0.010963690467178822"
"16376","-0.011017195880413055","-0.011017195880413055","-0.011017195880413055"
"16400","-0.010891489684581757","-0.010891489684581757","-0.010891489684581757"
"16424","-0.01081292424350977","-0.01081292424350977","-0.01081292424350977"
"16448","-0.010879604145884514","-0.010879604145884514","-0.010879604145884514"
"16472","-0.010803124867379665","-0.010803124867379665","-0.010803124867379665"
"16496","-0.010856402106583118","-0.010856402106583118","-0.010856402106583118"
"16520","-0.010781776160001755","-0.010781776160001755","-0.010781776160001755"
"16544","-0.01102135144174099","-0.01102135144174099","-0.01102135144174099"
"16568","-0.010803217999637127","-0.010803217999637127","-0.010803217999637127"
"16592","-0.010806849226355553","-0.010806849226355553","-0.010806849226355553"
"16616","-0.011032791808247566","-0.011032791808247566","-0.011032791808247566"
"16640","-0.010863222181797028","-0.010863222181797028","-0.010863222181797028"
"16664","-0.011175228282809258","-0.011175228282809258","-0.011175228282809258"
"16688","-0.011046281084418297","-0.011046281084418297","-0.011046281084418297"
"16712","-0.011422107927501202","-0.011422107927501202","-0.011422107927501202"
"16736","-0.011034817434847355","-0.011034817434847355","-0.011034817434847355"
"16760","-0.010977180674672127","-0.010977180674672127","-0.010977180674672127"
"16784","-0.01093520037829876","-0.01093520037829876","-0.01093520037829876"
"16808","-0.010769841261208057","-0.010769841261208057","-0.010769841261208057"
"16832","-0.010715319775044918","-0.010715319775044918","-0.010715319775044918"
"16856","-0.010687760077416897","-0.010687760077416897","-0.010687760077416897"
"16880","-0.010807466693222523","-0.010807466693222523","-0.010807466693222523"
"16904","-0.010734845884144306","-0.010734845884144306","-0.010734845884144306"
"16928","-0.010831722989678383","-0.010831722989678383","-0.010831722989678383"
"16952","-0.010978003963828087","-0.010978003963828087","-0.010978003963828087"
"16976","-0.010890972800552845","-0.010890972800552845","-0.010890972800552845"
"17000","-0.010811696760356426","-0.010811696760356426","-0.010811696760356426"
"17024","-0.010550408624112606","-0.010550408624112606","-0.010550408624112606"
"17048","-0.0106747355312109","-0.0106747355312109","-0.0106747355312109"
"17072","-0.010758456774055958","-0.010758456774055958","-0.010758456774055958"
"17096","-0.011275091208517551","-0.011275091208517551","-0.011275091208517551"
"17120","-0.010923748835921288","-0.010923748835921288","-0.010923748835921288"
"17144","-0.011042596772313118","-0.011042596772313118","-0.011042596772313118"