"Step","obs_quat_worotation_seed1/11-29_11-02 - train/stats.tracking_error","obs_quat_worotation_seed1/11-29_11-02 - train/stats.tracking_error__MIN","obs_quat_worotation_seed1/11-29_11-02 - train/stats.tracking_error__MAX"
"1","-0.4252880811691284","-0.4252880811691284","-0.4252880811691284"
"2","-0.422595351934433","-0.422595351934433","-0.422595351934433"
"3","-0.42339861392974854","-0.42339861392974854","-0.42339861392974854"
"4","-0.4257197380065918","-0.4257197380065918","-0.4257197380065918"
"5","-0.4248100817203522","-0.4248100817203522","-0.4248100817203522"
"6","-0.42784857749938965","-0.42784857749938965","-0.42784857749938965"
"8","-0.4290923476219177","-0.4290923476219177","-0.4290923476219177"
"10","-0.434608519077301","-0.434608519077301","-0.434608519077301"
"12","-0.4392484128475189","-0.4392484128475189","-0.4392484128475189"
"14","-0.44655001163482666","-0.44655001163482666","-0.44655001163482666"
"16","-0.45351076126098633","-0.45351076126098633","-0.45351076126098633"
"19","-0.4575011432170868","-0.4575011432170868","-0.4575011432170868"
"23","-0.45416635274887085","-0.45416635274887085","-0.45416635274887085"
"45","-0.39392757415771484","-0.39392757415771484","-0.39392757415771484"
"68","-0.21298553049564362","-0.21298553049564362","-0.21298553049564362"
"92","-0.14343246817588806","-0.14343246817588806","-0.14343246817588806"
"116","-0.10695867240428925","-0.10695867240428925","-0.10695867240428925"
"140","-0.08666826039552689","-0.08666826039552689","-0.08666826039552689"
"164","-0.08408883213996887","-0.08408883213996887","-0.08408883213996887"
"188","-0.0849757120013237","-0.0849757120013237","-0.0849757120013237"
"212","-0.0761590376496315","-0.0761590376496315","-0.0761590376496315"
"236","-0.08117242902517319","-0.08117242902517319","-0.08117242902517319"
"260","-0.08296208828687668","-0.08296208828687668","-0.08296208828687668"
"284","-0.07485797256231308","-0.07485797256231308","-0.07485797256231308"
"308","-0.07162321358919144","-0.07162321358919144","-0.07162321358919144"
"332","-0.06882849335670471","-0.06882849335670471","-0.06882849335670471"
"356","-0.07534970343112946","-0.07534970343112946","-0.07534970343112946"
"380","-0.07831253856420517","-0.07831253856420517","-0.07831253856420517"
"404","-0.06834503263235092","-0.06834503263235092","-0.06834503263235092"
"427","-0.07542994618415833","-0.07542994618415833","-0.07542994618415833"
"451","-0.07455762475728989","-0.07455762475728989","-0.07455762475728989"
"473","-0.11746612191200256","-0.11746612191200256","-0.11746612191200256"
"495","-0.12699100375175476","-0.12699100375175476","-0.12699100375175476"
"518","-0.11245963722467422","-0.11245963722467422","-0.11245963722467422"
"541","-0.09928539395332336","-0.09928539395332336","-0.09928539395332336"
"564","-0.09415572881698608","-0.09415572881698608","-0.09415572881698608"
"588","-0.092032290995121","-0.092032290995121","-0.092032290995121"
"612","-0.09420794993638992","-0.09420794993638992","-0.09420794993638992"
"636","-0.09784266352653503","-0.09784266352653503","-0.09784266352653503"
"660","-0.09439215809106827","-0.09439215809106827","-0.09439215809106827"
"683","-0.1065426766872406","-0.1065426766872406","-0.1065426766872406"
"707","-0.09544970840215683","-0.09544970840215683","-0.09544970840215683"
"731","-0.08027540147304535","-0.08027540147304535","-0.08027540147304535"
"754","-0.09522399306297302","-0.09522399306297302","-0.09522399306297302"
"777","-0.09340386837720871","-0.09340386837720871","-0.09340386837720871"
"800","-0.07809675484895706","-0.07809675484895706","-0.07809675484895706"
"824","-0.07186629623174667","-0.07186629623174667","-0.07186629623174667"
"848","-0.06805539131164551","-0.06805539131164551","-0.06805539131164551"
"872","-0.0674184188246727","-0.0674184188246727","-0.0674184188246727"
"892","-0.16999971866607666","-0.16999971866607666","-0.16999971866607666"
"898","-0.2778800129890442","-0.2778800129890442","-0.2778800129890442"
"914","-0.27516812086105347","-0.27516812086105347","-0.27516812086105347"
"921","-0.23711642622947693","-0.23711642622947693","-0.23711642622947693"
"937","-0.25102514028549194","-0.25102514028549194","-0.25102514028549194"
"947","-0.20192170143127441","-0.20192170143127441","-0.20192170143127441"
"966","-0.1891319751739502","-0.1891319751739502","-0.1891319751739502"
"985","-0.16829147934913635","-0.16829147934913635","-0.16829147934913635"
"1002","-0.11411076784133911","-0.11411076784133911","-0.11411076784133911"
"1021","-0.10762626677751541","-0.10762626677751541","-0.10762626677751541"
"1042","-0.10589226335287094","-0.10589226335287094","-0.10589226335287094"
"1064","-0.09445406496524811","-0.09445406496524811","-0.09445406496524811"
"1087","-0.09372788667678833","-0.09372788667678833","-0.09372788667678833"
"1110","-0.0988764688372612","-0.0988764688372612","-0.0988764688372612"
"1133","-0.08903477340936661","-0.08903477340936661","-0.08903477340936661"
"1156","-0.08079574257135391","-0.08079574257135391","-0.08079574257135391"
"1180","-0.07054459303617477","-0.07054459303617477","-0.07054459303617477"
"1204","-0.05663337931036949","-0.05663337931036949","-0.05663337931036949"
"1228","-0.05877780169248581","-0.05877780169248581","-0.05877780169248581"
"1252","-0.04877597093582153","-0.04877597093582153","-0.04877597093582153"
"1276","-0.04401373863220215","-0.04401373863220215","-0.04401373863220215"
"1300","-0.04670434817671776","-0.04670434817671776","-0.04670434817671776"
"1324","-0.04383731633424759","-0.04383731633424759","-0.04383731633424759"
"1348","-0.039637092500925064","-0.039637092500925064","-0.039637092500925064"
"1372","-0.037527598440647125","-0.037527598440647125","-0.037527598440647125"
"1396","-0.037976816296577454","-0.037976816296577454","-0.037976816296577454"
"1420","-0.038537926971912384","-0.038537926971912384","-0.038537926971912384"
"1444","-0.036434583365917206","-0.036434583365917206","-0.036434583365917206"
"1468","-0.03656934201717377","-0.03656934201717377","-0.03656934201717377"
"1492","-0.043593354523181915","-0.043593354523181915","-0.043593354523181915"
"1516","-0.04156239703297615","-0.04156239703297615","-0.04156239703297615"
"1536","-0.10107023268938065","-0.10107023268938065","-0.10107023268938065"
"1556","-0.13692522048950195","-0.13692522048950195","-0.13692522048950195"
"1576","-0.13306991755962372","-0.13306991755962372","-0.13306991755962372"
"1596","-0.11729925125837326","-0.11729925125837326","-0.11729925125837326"
"1613","-0.11003059893846512","-0.11003059893846512","-0.11003059893846512"
"1633","-0.10885792225599289","-0.10885792225599289","-0.10885792225599289"
"1655","-0.10548177361488342","-0.10548177361488342","-0.10548177361488342"
"1678","-0.0865786150097847","-0.0865786150097847","-0.0865786150097847"
"1701","-0.0757019892334938","-0.0757019892334938","-0.0757019892334938"
"1725","-0.06522887945175171","-0.06522887945175171","-0.06522887945175171"
"1749","-0.06889703124761581","-0.06889703124761581","-0.06889703124761581"
"1773","-0.06731264293193817","-0.06731264293193817","-0.06731264293193817"
"1797","-0.06510690599679947","-0.06510690599679947","-0.06510690599679947"
"1820","-0.07125629484653473","-0.07125629484653473","-0.07125629484653473"
"1843","-0.0700906366109848","-0.0700906366109848","-0.0700906366109848"
"1867","-0.06284213811159134","-0.06284213811159134","-0.06284213811159134"
"1891","-0.0637718141078949","-0.0637718141078949","-0.0637718141078949"
"1915","-0.058571480214595795","-0.058571480214595795","-0.058571480214595795"
"1937","-0.079532690346241","-0.079532690346241","-0.079532690346241"
"1959","-0.08658908307552338","-0.08658908307552338","-0.08658908307552338"
"1982","-0.07627595961093903","-0.07627595961093903","-0.07627595961093903"
"2005","-0.07233893126249313","-0.07233893126249313","-0.07233893126249313"
"2028","-0.06761396676301956","-0.06761396676301956","-0.06761396676301956"
"2048","-0.11812042444944382","-0.11812042444944382","-0.11812042444944382"
"2069","-0.10001888871192932","-0.10001888871192932","-0.10001888871192932"
"2090","-0.0821421891450882","-0.0821421891450882","-0.0821421891450882"
"2112","-0.07194796204566956","-0.07194796204566956","-0.07194796204566956"
"2134","-0.06000430881977081","-0.06000430881977081","-0.06000430881977081"
"2157","-0.05796585604548454","-0.05796585604548454","-0.05796585604548454"
"2180","-0.06127934157848358","-0.06127934157848358","-0.06127934157848358"
"2203","-0.054837290197610855","-0.054837290197610855","-0.054837290197610855"
"2226","-0.046847499907016754","-0.046847499907016754","-0.046847499907016754"
"2250","-0.04591834545135498","-0.04591834545135498","-0.04591834545135498"
"2274","-0.04264337569475174","-0.04264337569475174","-0.04264337569475174"
"2298","-0.04338689520955086","-0.04338689520955086","-0.04338689520955086"
"2322","-0.04246916621923447","-0.04246916621923447","-0.04246916621923447"
"2346","-0.04081587865948677","-0.04081587865948677","-0.04081587865948677"
"2370","-0.0382378026843071","-0.0382378026843071","-0.0382378026843071"
"2394","-0.03754401206970215","-0.03754401206970215","-0.03754401206970215"
"2418","-0.035703253000974655","-0.035703253000974655","-0.035703253000974655"
"2442","-0.034782297909259796","-0.034782297909259796","-0.034782297909259796"
"2466","-0.03456420078873634","-0.03456420078873634","-0.03456420078873634"
"2490","-0.03422434628009796","-0.03422434628009796","-0.03422434628009796"
"2514","-0.03424723073840141","-0.03424723073840141","-0.03424723073840141"
"2538","-0.03221413120627403","-0.03221413120627403","-0.03221413120627403"
"2562","-0.03147187829017639","-0.03147187829017639","-0.03147187829017639"
"2585","-0.0430130735039711","-0.0430130735039711","-0.0430130735039711"
"2608","-0.04542401060461998","-0.04542401060461998","-0.04542401060461998"
"2631","-0.04424358904361725","-0.04424358904361725","-0.04424358904361725"
"2655","-0.04111207649111748","-0.04111207649111748","-0.04111207649111748"
"2679","-0.038504455238580704","-0.038504455238580704","-0.038504455238580704"
"2703","-0.03862352296710014","-0.03862352296710014","-0.03862352296710014"
"2727","-0.04037416726350784","-0.04037416726350784","-0.04037416726350784"
"2751","-0.040857914835214615","-0.040857914835214615","-0.040857914835214615"
"2775","-0.04060332849621773","-0.04060332849621773","-0.04060332849621773"
"2799","-0.04643433168530464","-0.04643433168530464","-0.04643433168530464"
"2823","-0.05037667974829674","-0.05037667974829674","-0.05037667974829674"
"2847","-0.04628467559814453","-0.04628467559814453","-0.04628467559814453"
"2871","-0.045067593455314636","-0.045067593455314636","-0.045067593455314636"
"2895","-0.04038975015282631","-0.04038975015282631","-0.04038975015282631"
"2919","-0.040763188153505325","-0.040763188153505325","-0.040763188153505325"
"2943","-0.04948558658361435","-0.04948558658361435","-0.04948558658361435"
"2967","-0.0603213794529438","-0.0603213794529438","-0.0603213794529438"
"2991","-0.058610763400793076","-0.058610763400793076","-0.058610763400793076"
"3015","-0.05546724051237106","-0.05546724051237106","-0.05546724051237106"
"3039","-0.0552663579583168","-0.0552663579583168","-0.0552663579583168"
"3063","-0.0627017393708229","-0.0627017393708229","-0.0627017393708229"
"3087","-0.061185263097286224","-0.061185263097286224","-0.061185263097286224"
"3111","-0.05627203360199928","-0.05627203360199928","-0.05627203360199928"
"3135","-0.05223674327135086","-0.05223674327135086","-0.05223674327135086"
"3159","-0.04620189964771271","-0.04620189964771271","-0.04620189964771271"
"3183","-0.0457264669239521","-0.0457264669239521","-0.0457264669239521"
"3207","-0.04326546937227249","-0.04326546937227249","-0.04326546937227249"
"3231","-0.04474179074168205","-0.04474179074168205","-0.04474179074168205"
"3255","-0.03905665501952171","-0.03905665501952171","-0.03905665501952171"
"3279","-0.038723379373550415","-0.038723379373550415","-0.038723379373550415"
"3303","-0.0369597002863884","-0.0369597002863884","-0.0369597002863884"
"3327","-0.0366692915558815","-0.0366692915558815","-0.0366692915558815"
"3351","-0.03677142411470413","-0.03677142411470413","-0.03677142411470413"
"3375","-0.0343145914375782","-0.0343145914375782","-0.0343145914375782"
"3399","-0.03413635864853859","-0.03413635864853859","-0.03413635864853859"
"3423","-0.034820541739463806","-0.034820541739463806","-0.034820541739463806"
"3447","-0.03600137308239937","-0.03600137308239937","-0.03600137308239937"
"3471","-0.0359552800655365","-0.0359552800655365","-0.0359552800655365"
"3495","-0.03572738915681839","-0.03572738915681839","-0.03572738915681839"
"3519","-0.03408205509185791","-0.03408205509185791","-0.03408205509185791"
"3543","-0.03453698381781578","-0.03453698381781578","-0.03453698381781578"
"3567","-0.03520156815648079","-0.03520156815648079","-0.03520156815648079"
"3591","-0.038530923426151276","-0.038530923426151276","-0.038530923426151276"
"3615","-0.039131857454776764","-0.039131857454776764","-0.039131857454776764"
"3639","-0.03611919656395912","-0.03611919656395912","-0.03611919656395912"
"3663","-0.03663107007741928","-0.03663107007741928","-0.03663107007741928"
"3687","-0.03494635224342346","-0.03494635224342346","-0.03494635224342346"
"3711","-0.03702331706881523","-0.03702331706881523","-0.03702331706881523"
"3735","-0.0404050275683403","-0.0404050275683403","-0.0404050275683403"
"3759","-0.037542328238487244","-0.037542328238487244","-0.037542328238487244"
"3783","-0.03544185310602188","-0.03544185310602188","-0.03544185310602188"
"3807","-0.037589989602565765","-0.037589989602565765","-0.037589989602565765"
"3831","-0.039464354515075684","-0.039464354515075684","-0.039464354515075684"
"3855","-0.04117044806480408","-0.04117044806480408","-0.04117044806480408"
"3879","-0.03983912244439125","-0.03983912244439125","-0.03983912244439125"
"3903","-0.03886750712990761","-0.03886750712990761","-0.03886750712990761"
"3927","-0.04017123207449913","-0.04017123207449913","-0.04017123207449913"
"3951","-0.04170718416571617","-0.04170718416571617","-0.04170718416571617"
"3975","-0.04232223331928253","-0.04232223331928253","-0.04232223331928253"
"3999","-0.044210776686668396","-0.044210776686668396","-0.044210776686668396"
"4023","-0.04330356791615486","-0.04330356791615486","-0.04330356791615486"
"4047","-0.047564197331666946","-0.047564197331666946","-0.047564197331666946"
"4071","-0.043522145599126816","-0.043522145599126816","-0.043522145599126816"
"4095","-0.04630553349852562","-0.04630553349852562","-0.04630553349852562"
"4119","-0.04194993898272514","-0.04194993898272514","-0.04194993898272514"
"4143","-0.04205508530139923","-0.04205508530139923","-0.04205508530139923"
"4166","-0.05094045400619507","-0.05094045400619507","-0.05094045400619507"
"4190","-0.04759998992085457","-0.04759998992085457","-0.04759998992085457"
"4214","-0.04755384474992752","-0.04755384474992752","-0.04755384474992752"
"4238","-0.04576534405350685","-0.04576534405350685","-0.04576534405350685"
"4262","-0.04358997195959091","-0.04358997195959091","-0.04358997195959091"
"4286","-0.040127210319042206","-0.040127210319042206","-0.040127210319042206"
"4310","-0.04232518747448921","-0.04232518747448921","-0.04232518747448921"
"4334","-0.04377634823322296","-0.04377634823322296","-0.04377634823322296"
"4358","-0.04292265325784683","-0.04292265325784683","-0.04292265325784683"
"4382","-0.042203471064567566","-0.042203471064567566","-0.042203471064567566"
"4406","-0.03856128454208374","-0.03856128454208374","-0.03856128454208374"
"4430","-0.03900371119379997","-0.03900371119379997","-0.03900371119379997"
"4454","-0.03911338001489639","-0.03911338001489639","-0.03911338001489639"
"4478","-0.04086938127875328","-0.04086938127875328","-0.04086938127875328"
"4502","-0.042346637696027756","-0.042346637696027756","-0.042346637696027756"
"4526","-0.04634605720639229","-0.04634605720639229","-0.04634605720639229"
"4550","-0.04049215465784073","-0.04049215465784073","-0.04049215465784073"
"4574","-0.041458871215581894","-0.041458871215581894","-0.041458871215581894"
"4598","-0.04204968735575676","-0.04204968735575676","-0.04204968735575676"
"4622","-0.04187401384115219","-0.04187401384115219","-0.04187401384115219"
"4646","-0.039852291345596313","-0.039852291345596313","-0.039852291345596313"
"4670","-0.04076648876070976","-0.04076648876070976","-0.04076648876070976"
"4694","-0.04408363625407219","-0.04408363625407219","-0.04408363625407219"
"4718","-0.04372085630893707","-0.04372085630893707","-0.04372085630893707"
"4742","-0.041431974619627","-0.041431974619627","-0.041431974619627"
"4766","-0.03971090912818909","-0.03971090912818909","-0.03971090912818909"
"4790","-0.038901571184396744","-0.038901571184396744","-0.038901571184396744"
"4814","-0.040117159485816956","-0.040117159485816956","-0.040117159485816956"
"4838","-0.03914570435881615","-0.03914570435881615","-0.03914570435881615"
"4862","-0.03842250257730484","-0.03842250257730484","-0.03842250257730484"
"4886","-0.03708338364958763","-0.03708338364958763","-0.03708338364958763"
"4910","-0.03798713907599449","-0.03798713907599449","-0.03798713907599449"
"4932","-0.07636260241270065","-0.07636260241270065","-0.07636260241270065"
"4951","-0.10617493093013763","-0.10617493093013763","-0.10617493093013763"
"4969","-0.12564249336719513","-0.12564249336719513","-0.12564249336719513"
"4988","-0.1320648193359375","-0.1320648193359375","-0.1320648193359375"
"5008","-0.11796420812606812","-0.11796420812606812","-0.11796420812606812"
"5028","-0.11252295970916748","-0.11252295970916748","-0.11252295970916748"
"5046","-0.12826590240001678","-0.12826590240001678","-0.12826590240001678"
"5064","-0.1232382133603096","-0.1232382133603096","-0.1232382133603096"
"5084","-0.12179692834615707","-0.12179692834615707","-0.12179692834615707"
"5104","-0.12760040163993835","-0.12760040163993835","-0.12760040163993835"
"5123","-0.1248338371515274","-0.1248338371515274","-0.1248338371515274"
"5141","-0.13159044086933136","-0.13159044086933136","-0.13159044086933136"
"5160","-0.11356399953365326","-0.11356399953365326","-0.11356399953365326"
"5181","-0.09996074438095093","-0.09996074438095093","-0.09996074438095093"
"5202","-0.09781862795352936","-0.09781862795352936","-0.09781862795352936"
"5223","-0.10447140038013458","-0.10447140038013458","-0.10447140038013458"
"5243","-0.10968511551618576","-0.10968511551618576","-0.10968511551618576"
"5263","-0.11159452795982361","-0.11159452795982361","-0.11159452795982361"
"5283","-0.10657835751771927","-0.10657835751771927","-0.10657835751771927"
"5303","-0.10677550733089447","-0.10677550733089447","-0.10677550733089447"
"5323","-0.10313332080841064","-0.10313332080841064","-0.10313332080841064"
"5344","-0.09478192776441574","-0.09478192776441574","-0.09478192776441574"
"5366","-0.08867133408784866","-0.08867133408784866","-0.08867133408784866"
"5388","-0.09043898433446884","-0.09043898433446884","-0.09043898433446884"
"5410","-0.08610066771507263","-0.08610066771507263","-0.08610066771507263"
"5432","-0.07771272212266922","-0.07771272212266922","-0.07771272212266922"
"5454","-0.07022488862276077","-0.07022488862276077","-0.07022488862276077"
"5476","-0.07640668004751205","-0.07640668004751205","-0.07640668004751205"
"5499","-0.06985435634851456","-0.06985435634851456","-0.06985435634851456"
"5521","-0.07622690498828888","-0.07622690498828888","-0.07622690498828888"
"5542","-0.08165529370307922","-0.08165529370307922","-0.08165529370307922"
"5564","-0.07900486141443253","-0.07900486141443253","-0.07900486141443253"
"5586","-0.07993941754102707","-0.07993941754102707","-0.07993941754102707"
"5608","-0.07295601069927216","-0.07295601069927216","-0.07295601069927216"
"5631","-0.06612201780080795","-0.06612201780080795","-0.06612201780080795"
"5654","-0.06651908904314041","-0.06651908904314041","-0.06651908904314041"
"5677","-0.06937534362077713","-0.06937534362077713","-0.06937534362077713"
"5699","-0.07450622320175171","-0.07450622320175171","-0.07450622320175171"
"5721","-0.07668891549110413","-0.07668891549110413","-0.07668891549110413"
"5743","-0.0820554867386818","-0.0820554867386818","-0.0820554867386818"
"5765","-0.08044526726007462","-0.08044526726007462","-0.08044526726007462"
"5788","-0.07272373139858246","-0.07272373139858246","-0.07272373139858246"
"5811","-0.06990917772054672","-0.06990917772054672","-0.06990917772054672"
"5834","-0.07084260135889053","-0.07084260135889053","-0.07084260135889053"
"5856","-0.07949569076299667","-0.07949569076299667","-0.07949569076299667"
"5879","-0.06896128505468369","-0.06896128505468369","-0.06896128505468369"
"5902","-0.061190612614154816","-0.061190612614154816","-0.061190612614154816"
"5926","-0.0538785494863987","-0.0538785494863987","-0.0538785494863987"
"5950","-0.05205834284424782","-0.05205834284424782","-0.05205834284424782"
"5974","-0.047419361770153046","-0.047419361770153046","-0.047419361770153046"
"5998","-0.044917985796928406","-0.044917985796928406","-0.044917985796928406"
"6022","-0.04149102047085762","-0.04149102047085762","-0.04149102047085762"
"6046","-0.04073264077305794","-0.04073264077305794","-0.04073264077305794"
"6070","-0.038503434509038925","-0.038503434509038925","-0.038503434509038925"
"6094","-0.03859947621822357","-0.03859947621822357","-0.03859947621822357"
"6118","-0.0379255935549736","-0.0379255935549736","-0.0379255935549736"
"6142","-0.038905881345272064","-0.038905881345272064","-0.038905881345272064"
"6166","-0.038881104439496994","-0.038881104439496994","-0.038881104439496994"
"6190","-0.03828970715403557","-0.03828970715403557","-0.03828970715403557"
"6214","-0.0409599132835865","-0.0409599132835865","-0.0409599132835865"
"6238","-0.04080343246459961","-0.04080343246459961","-0.04080343246459961"
"6262","-0.041092634201049805","-0.041092634201049805","-0.041092634201049805"
"6286","-0.038340646773576736","-0.038340646773576736","-0.038340646773576736"
"6310","-0.03947082906961441","-0.03947082906961441","-0.03947082906961441"
"6334","-0.03669855371117592","-0.03669855371117592","-0.03669855371117592"
"6358","-0.038641300052404404","-0.038641300052404404","-0.038641300052404404"
"6382","-0.0375206395983696","-0.0375206395983696","-0.0375206395983696"
"6406","-0.0378783643245697","-0.0378783643245697","-0.0378783643245697"
"6430","-0.0371774360537529","-0.0371774360537529","-0.0371774360537529"
"6454","-0.03969699889421463","-0.03969699889421463","-0.03969699889421463"
"6478","-0.04418949782848358","-0.04418949782848358","-0.04418949782848358"
"6502","-0.045687202364206314","-0.045687202364206314","-0.045687202364206314"
"6526","-0.04325253516435623","-0.04325253516435623","-0.04325253516435623"
"6550","-0.042324308305978775","-0.042324308305978775","-0.042324308305978775"
"6574","-0.040421243757009506","-0.040421243757009506","-0.040421243757009506"
"6598","-0.04161513224244118","-0.04161513224244118","-0.04161513224244118"
"6622","-0.04300856217741966","-0.04300856217741966","-0.04300856217741966"
"6646","-0.046106912195682526","-0.046106912195682526","-0.046106912195682526"
"6670","-0.046958427876234055","-0.046958427876234055","-0.046958427876234055"
"6694","-0.048937804996967316","-0.048937804996967316","-0.048937804996967316"
"6718","-0.0482143871486187","-0.0482143871486187","-0.0482143871486187"
"6742","-0.04396460950374603","-0.04396460950374603","-0.04396460950374603"
"6766","-0.04052942246198654","-0.04052942246198654","-0.04052942246198654"
"6790","-0.04223329946398735","-0.04223329946398735","-0.04223329946398735"
"6814","-0.04105309769511223","-0.04105309769511223","-0.04105309769511223"
"6838","-0.04534616693854332","-0.04534616693854332","-0.04534616693854332"
"6861","-0.050881385803222656","-0.050881385803222656","-0.050881385803222656"
"6885","-0.044935327023267746","-0.044935327023267746","-0.044935327023267746"
"6909","-0.0456109344959259","-0.0456109344959259","-0.0456109344959259"
"6933","-0.04455956816673279","-0.04455956816673279","-0.04455956816673279"
"6957","-0.042150065302848816","-0.042150065302848816","-0.042150065302848816"
"6981","-0.041263457387685776","-0.041263457387685776","-0.041263457387685776"
"7005","-0.0380249097943306","-0.0380249097943306","-0.0380249097943306"
"7029","-0.03875553980469704","-0.03875553980469704","-0.03875553980469704"
"7053","-0.040374044328927994","-0.040374044328927994","-0.040374044328927994"
"7077","-0.03703271225094795","-0.03703271225094795","-0.03703271225094795"
"7101","-0.03526310250163078","-0.03526310250163078","-0.03526310250163078"
"7125","-0.03542541339993477","-0.03542541339993477","-0.03542541339993477"
"7149","-0.03632170334458351","-0.03632170334458351","-0.03632170334458351"
"7173","-0.036231085658073425","-0.036231085658073425","-0.036231085658073425"
"7197","-0.03751740604639053","-0.03751740604639053","-0.03751740604639053"
"7221","-0.03930206969380379","-0.03930206969380379","-0.03930206969380379"
"7245","-0.04020112007856369","-0.04020112007856369","-0.04020112007856369"
"7269","-0.038988567888736725","-0.038988567888736725","-0.038988567888736725"
"7293","-0.04247890040278435","-0.04247890040278435","-0.04247890040278435"
"7317","-0.04299798607826233","-0.04299798607826233","-0.04299798607826233"
"7341","-0.04251312464475632","-0.04251312464475632","-0.04251312464475632"
"7365","-0.04408656805753708","-0.04408656805753708","-0.04408656805753708"
"7389","-0.04166403412818909","-0.04166403412818909","-0.04166403412818909"
"7413","-0.04023129865527153","-0.04023129865527153","-0.04023129865527153"
"7437","-0.0382687933743","-0.0382687933743","-0.0382687933743"
"7461","-0.03837714344263077","-0.03837714344263077","-0.03837714344263077"
"7485","-0.037413693964481354","-0.037413693964481354","-0.037413693964481354"
"7509","-0.03882373124361038","-0.03882373124361038","-0.03882373124361038"
"7533","-0.038548585027456284","-0.038548585027456284","-0.038548585027456284"
"7557","-0.03811982646584511","-0.03811982646584511","-0.03811982646584511"
"7581","-0.03731292858719826","-0.03731292858719826","-0.03731292858719826"
"7605","-0.03675712272524834","-0.03675712272524834","-0.03675712272524834"
"7629","-0.03670918941497803","-0.03670918941497803","-0.03670918941497803"
"7653","-0.0377846285700798","-0.0377846285700798","-0.0377846285700798"
"7677","-0.03676733374595642","-0.03676733374595642","-0.03676733374595642"
"7701","-0.03595660626888275","-0.03595660626888275","-0.03595660626888275"
"7725","-0.03763698413968086","-0.03763698413968086","-0.03763698413968086"
"7749","-0.03706718236207962","-0.03706718236207962","-0.03706718236207962"
"7773","-0.03751318156719208","-0.03751318156719208","-0.03751318156719208"
"7797","-0.03724486753344536","-0.03724486753344536","-0.03724486753344536"
"7821","-0.037401530891656876","-0.037401530891656876","-0.037401530891656876"
"7845","-0.03826324641704559","-0.03826324641704559","-0.03826324641704559"
"7869","-0.03748127818107605","-0.03748127818107605","-0.03748127818107605"
"7893","-0.038096364587545395","-0.038096364587545395","-0.038096364587545395"
"7917","-0.03712194040417671","-0.03712194040417671","-0.03712194040417671"
"7941","-0.03774186596274376","-0.03774186596274376","-0.03774186596274376"
"7965","-0.0382833331823349","-0.0382833331823349","-0.0382833331823349"
"7989","-0.03855622559785843","-0.03855622559785843","-0.03855622559785843"
"8013","-0.0391182042658329","-0.0391182042658329","-0.0391182042658329"
"8037","-0.038984160870313644","-0.038984160870313644","-0.038984160870313644"
"8061","-0.04016907513141632","-0.04016907513141632","-0.04016907513141632"
"8085","-0.03896006941795349","-0.03896006941795349","-0.03896006941795349"
"8109","-0.035306382924318314","-0.035306382924318314","-0.035306382924318314"
"8133","-0.03629233315587044","-0.03629233315587044","-0.03629233315587044"
"8157","-0.03624657541513443","-0.03624657541513443","-0.03624657541513443"
"8181","-0.03615196794271469","-0.03615196794271469","-0.03615196794271469"
"8205","-0.035042982548475266","-0.035042982548475266","-0.035042982548475266"
"8229","-0.03578779473900795","-0.03578779473900795","-0.03578779473900795"
"8253","-0.03534109517931938","-0.03534109517931938","-0.03534109517931938"
"8277","-0.03613073006272316","-0.03613073006272316","-0.03613073006272316"
"8301","-0.036184489727020264","-0.036184489727020264","-0.036184489727020264"
"8325","-0.03620786592364311","-0.03620786592364311","-0.03620786592364311"
"8349","-0.03590931370854378","-0.03590931370854378","-0.03590931370854378"
"8373","-0.035624850541353226","-0.035624850541353226","-0.035624850541353226"
"8397","-0.035336993634700775","-0.035336993634700775","-0.035336993634700775"
"8421","-0.034446556121110916","-0.034446556121110916","-0.034446556121110916"
"8445","-0.034093018621206284","-0.034093018621206284","-0.034093018621206284"
"8469","-0.034945905208587646","-0.034945905208587646","-0.034945905208587646"
"8493","-0.034868501126766205","-0.034868501126766205","-0.034868501126766205"
"8517","-0.03708544373512268","-0.03708544373512268","-0.03708544373512268"
"8541","-0.037906985729932785","-0.037906985729932785","-0.037906985729932785"
"8565","-0.03865053877234459","-0.03865053877234459","-0.03865053877234459"
"8589","-0.03987482935190201","-0.03987482935190201","-0.03987482935190201"
"8613","-0.03854630887508392","-0.03854630887508392","-0.03854630887508392"
"8637","-0.03806072846055031","-0.03806072846055031","-0.03806072846055031"
"8661","-0.03798183426260948","-0.03798183426260948","-0.03798183426260948"
"8685","-0.03899350017309189","-0.03899350017309189","-0.03899350017309189"
"8709","-0.0402473583817482","-0.0402473583817482","-0.0402473583817482"
"8733","-0.04161185771226883","-0.04161185771226883","-0.04161185771226883"
"8757","-0.038742586970329285","-0.038742586970329285","-0.038742586970329285"
"8781","-0.044138990342617035","-0.044138990342617035","-0.044138990342617035"
"8805","-0.04591313377022743","-0.04591313377022743","-0.04591313377022743"
"8829","-0.04695633798837662","-0.04695633798837662","-0.04695633798837662"
"8853","-0.047020696103572845","-0.047020696103572845","-0.047020696103572845"
"8877","-0.04577411338686943","-0.04577411338686943","-0.04577411338686943"
"8901","-0.044664833694696426","-0.044664833694696426","-0.044664833694696426"
"8925","-0.0439346544444561","-0.0439346544444561","-0.0439346544444561"
"8949","-0.04511150345206261","-0.04511150345206261","-0.04511150345206261"
"8973","-0.043313976377248764","-0.043313976377248764","-0.043313976377248764"
"8997","-0.04463491216301918","-0.04463491216301918","-0.04463491216301918"
"9021","-0.04196975380182266","-0.04196975380182266","-0.04196975380182266"
"9045","-0.04246785119175911","-0.04246785119175911","-0.04246785119175911"
"9069","-0.0408930778503418","-0.0408930778503418","-0.0408930778503418"
"9093","-0.04028429463505745","-0.04028429463505745","-0.04028429463505745"
"9117","-0.03799165412783623","-0.03799165412783623","-0.03799165412783623"
"9141","-0.03826896473765373","-0.03826896473765373","-0.03826896473765373"
"9165","-0.038169976323843","-0.038169976323843","-0.038169976323843"
"9189","-0.04238921031355858","-0.04238921031355858","-0.04238921031355858"
"9213","-0.043445851653814316","-0.043445851653814316","-0.043445851653814316"
"9237","-0.04028193652629852","-0.04028193652629852","-0.04028193652629852"
"9261","-0.03983400762081146","-0.03983400762081146","-0.03983400762081146"
"9285","-0.03899103403091431","-0.03899103403091431","-0.03899103403091431"
"9309","-0.03784681856632233","-0.03784681856632233","-0.03784681856632233"
"9333","-0.03742218390107155","-0.03742218390107155","-0.03742218390107155"
"9357","-0.036926381289958954","-0.036926381289958954","-0.036926381289958954"
"9381","-0.035850755870342255","-0.035850755870342255","-0.035850755870342255"
"9405","-0.03496205806732178","-0.03496205806732178","-0.03496205806732178"
"9429","-0.036371950060129166","-0.036371950060129166","-0.036371950060129166"
"9453","-0.035769764333963394","-0.035769764333963394","-0.035769764333963394"
"9477","-0.036324191838502884","-0.036324191838502884","-0.036324191838502884"
"9501","-0.035617247223854065","-0.035617247223854065","-0.035617247223854065"
"9525","-0.0351104810833931","-0.0351104810833931","-0.0351104810833931"
"9549","-0.033606357872486115","-0.033606357872486115","-0.033606357872486115"
"9573","-0.03361692279577255","-0.03361692279577255","-0.03361692279577255"
"9597","-0.033356063067913055","-0.033356063067913055","-0.033356063067913055"
"9621","-0.033994656056165695","-0.033994656056165695","-0.033994656056165695"
"9645","-0.0339018777012825","-0.0339018777012825","-0.0339018777012825"
"9669","-0.03326384723186493","-0.03326384723186493","-0.03326384723186493"
"9693","-0.03281822428107262","-0.03281822428107262","-0.03281822428107262"
"9717","-0.03326908499002457","-0.03326908499002457","-0.03326908499002457"
"9741","-0.03279304876923561","-0.03279304876923561","-0.03279304876923561"
"9765","-0.03273290768265724","-0.03273290768265724","-0.03273290768265724"
"9789","-0.03316744416952133","-0.03316744416952133","-0.03316744416952133"
"9813","-0.03221961110830307","-0.03221961110830307","-0.03221961110830307"
"9837","-0.03191586211323738","-0.03191586211323738","-0.03191586211323738"
"9861","-0.032467227429151535","-0.032467227429151535","-0.032467227429151535"
"9885","-0.03338514640927315","-0.03338514640927315","-0.03338514640927315"
"9909","-0.03376651927828789","-0.03376651927828789","-0.03376651927828789"
"9933","-0.033817581832408905","-0.033817581832408905","-0.033817581832408905"
"9957","-0.03317694365978241","-0.03317694365978241","-0.03317694365978241"
"9981","-0.03284681588411331","-0.03284681588411331","-0.03284681588411331"
"10005","-0.033163703978061676","-0.033163703978061676","-0.033163703978061676"
"10029","-0.03313064202666283","-0.03313064202666283","-0.03313064202666283"
"10053","-0.03411618992686272","-0.03411618992686272","-0.03411618992686272"
"10077","-0.033414147794246674","-0.033414147794246674","-0.033414147794246674"
"10101","-0.033423952758312225","-0.033423952758312225","-0.033423952758312225"
"10125","-0.0338905043900013","-0.0338905043900013","-0.0338905043900013"
"10149","-0.03355160728096962","-0.03355160728096962","-0.03355160728096962"
"10173","-0.0331408828496933","-0.0331408828496933","-0.0331408828496933"
"10197","-0.032891809940338135","-0.032891809940338135","-0.032891809940338135"
"10221","-0.032903365790843964","-0.032903365790843964","-0.032903365790843964"
"10245","-0.03247544541954994","-0.03247544541954994","-0.03247544541954994"
"10269","-0.033140622079372406","-0.033140622079372406","-0.033140622079372406"
"10293","-0.033433929085731506","-0.033433929085731506","-0.033433929085731506"
"10317","-0.033532023429870605","-0.033532023429870605","-0.033532023429870605"
"10341","-0.03483877703547478","-0.03483877703547478","-0.03483877703547478"
"10365","-0.034675635397434235","-0.034675635397434235","-0.034675635397434235"
"10389","-0.03554835915565491","-0.03554835915565491","-0.03554835915565491"
"10413","-0.0348958782851696","-0.0348958782851696","-0.0348958782851696"
"10437","-0.03642710670828819","-0.03642710670828819","-0.03642710670828819"
"10461","-0.03582931309938431","-0.03582931309938431","-0.03582931309938431"
"10485","-0.03519262373447418","-0.03519262373447418","-0.03519262373447418"
"10509","-0.03481120243668556","-0.03481120243668556","-0.03481120243668556"
"10533","-0.03511185944080353","-0.03511185944080353","-0.03511185944080353"
"10557","-0.035563260316848755","-0.035563260316848755","-0.035563260316848755"
"10581","-0.03578290343284607","-0.03578290343284607","-0.03578290343284607"
"10605","-0.035001419484615326","-0.035001419484615326","-0.035001419484615326"
"10629","-0.03460871800780296","-0.03460871800780296","-0.03460871800780296"
"10653","-0.0344703309237957","-0.0344703309237957","-0.0344703309237957"
"10677","-0.03439267724752426","-0.03439267724752426","-0.03439267724752426"
"10701","-0.03432825207710266","-0.03432825207710266","-0.03432825207710266"
"10725","-0.034019049257040024","-0.034019049257040024","-0.034019049257040024"
"10749","-0.03406220301985741","-0.03406220301985741","-0.03406220301985741"
"10773","-0.03270141780376434","-0.03270141780376434","-0.03270141780376434"
"10797","-0.03414350003004074","-0.03414350003004074","-0.03414350003004074"
"10821","-0.03434031829237938","-0.03434031829237938","-0.03434031829237938"
"10845","-0.03386081010103226","-0.03386081010103226","-0.03386081010103226"
"10869","-0.033301375806331635","-0.033301375806331635","-0.033301375806331635"
"10893","-0.034081149846315384","-0.034081149846315384","-0.034081149846315384"
"10917","-0.033056508749723434","-0.033056508749723434","-0.033056508749723434"
"10941","-0.03276995196938515","-0.03276995196938515","-0.03276995196938515"
"10965","-0.03297657519578934","-0.03297657519578934","-0.03297657519578934"
"10989","-0.03296024352312088","-0.03296024352312088","-0.03296024352312088"
"11013","-0.03395312279462814","-0.03395312279462814","-0.03395312279462814"
"11037","-0.03362476825714111","-0.03362476825714111","-0.03362476825714111"
"11061","-0.03497079387307167","-0.03497079387307167","-0.03497079387307167"
"11085","-0.035609178245067596","-0.035609178245067596","-0.035609178245067596"
"11109","-0.03588205948472023","-0.03588205948472023","-0.03588205948472023"
"11133","-0.035334061831235886","-0.035334061831235886","-0.035334061831235886"
"11157","-0.0344681479036808","-0.0344681479036808","-0.0344681479036808"
"11181","-0.034406308084726334","-0.034406308084726334","-0.034406308084726334"
"11205","-0.03470272943377495","-0.03470272943377495","-0.03470272943377495"
"11229","-0.03679807111620903","-0.03679807111620903","-0.03679807111620903"
"11253","-0.03818270191550255","-0.03818270191550255","-0.03818270191550255"
"11277","-0.04018399491906166","-0.04018399491906166","-0.04018399491906166"
"11301","-0.03995051607489586","-0.03995051607489586","-0.03995051607489586"
"11325","-0.039049360901117325","-0.039049360901117325","-0.039049360901117325"
"11349","-0.038857147097587585","-0.038857147097587585","-0.038857147097587585"
"11373","-0.038267798721790314","-0.038267798721790314","-0.038267798721790314"
"11397","-0.03731096163392067","-0.03731096163392067","-0.03731096163392067"
"11421","-0.0381462499499321","-0.0381462499499321","-0.0381462499499321"
"11445","-0.038456495851278305","-0.038456495851278305","-0.038456495851278305"
"11469","-0.03995075449347496","-0.03995075449347496","-0.03995075449347496"
"11493","-0.03960676118731499","-0.03960676118731499","-0.03960676118731499"
"11517","-0.038638271391391754","-0.038638271391391754","-0.038638271391391754"
"11541","-0.03924709931015968","-0.03924709931015968","-0.03924709931015968"
"11565","-0.040516145527362823","-0.040516145527362823","-0.040516145527362823"
"11589","-0.04119700565934181","-0.04119700565934181","-0.04119700565934181"
"11613","-0.03999841958284378","-0.03999841958284378","-0.03999841958284378"
"11637","-0.0407797172665596","-0.0407797172665596","-0.0407797172665596"
"11661","-0.04030324146151543","-0.04030324146151543","-0.04030324146151543"
"11685","-0.03958814963698387","-0.03958814963698387","-0.03958814963698387"
"11709","-0.03912423178553581","-0.03912423178553581","-0.03912423178553581"
"11733","-0.03894442692399025","-0.03894442692399025","-0.03894442692399025"
"11757","-0.03899000212550163","-0.03899000212550163","-0.03899000212550163"
"11781","-0.03927357867360115","-0.03927357867360115","-0.03927357867360115"
"11805","-0.03899424523115158","-0.03899424523115158","-0.03899424523115158"
"11829","-0.040026385337114334","-0.040026385337114334","-0.040026385337114334"
"11853","-0.04039498418569565","-0.04039498418569565","-0.04039498418569565"
"11877","-0.03969477862119675","-0.03969477862119675","-0.03969477862119675"
"11901","-0.041541602462530136","-0.041541602462530136","-0.041541602462530136"
"11925","-0.04076140373945236","-0.04076140373945236","-0.04076140373945236"
"11949","-0.040467269718647","-0.040467269718647","-0.040467269718647"
"11973","-0.041638992726802826","-0.041638992726802826","-0.041638992726802826"
"11997","-0.04159378632903099","-0.04159378632903099","-0.04159378632903099"
"12021","-0.04313109442591667","-0.04313109442591667","-0.04313109442591667"
"12045","-0.04207471385598183","-0.04207471385598183","-0.04207471385598183"
"12069","-0.04230686277151108","-0.04230686277151108","-0.04230686277151108"
"12093","-0.04244985058903694","-0.04244985058903694","-0.04244985058903694"
"12117","-0.041700612753629684","-0.041700612753629684","-0.041700612753629684"
"12141","-0.0418441966176033","-0.0418441966176033","-0.0418441966176033"
"12165","-0.04158807918429375","-0.04158807918429375","-0.04158807918429375"
"12189","-0.04174412041902542","-0.04174412041902542","-0.04174412041902542"
"12213","-0.04245803505182266","-0.04245803505182266","-0.04245803505182266"
"12237","-0.042231034487485886","-0.042231034487485886","-0.042231034487485886"
"12261","-0.041887108236551285","-0.041887108236551285","-0.041887108236551285"
"12285","-0.04217206686735153","-0.04217206686735153","-0.04217206686735153"
"12309","-0.04159564524888992","-0.04159564524888992","-0.04159564524888992"
"12333","-0.04193776845932007","-0.04193776845932007","-0.04193776845932007"
"12357","-0.04333316534757614","-0.04333316534757614","-0.04333316534757614"
"12381","-0.0438707210123539","-0.0438707210123539","-0.0438707210123539"
"12405","-0.042894717305898666","-0.042894717305898666","-0.042894717305898666"
"12429","-0.04272792860865593","-0.04272792860865593","-0.04272792860865593"
"12453","-0.04358192905783653","-0.04358192905783653","-0.04358192905783653"
"12477","-0.04361986741423607","-0.04361986741423607","-0.04361986741423607"
"12501","-0.04359692335128784","-0.04359692335128784","-0.04359692335128784"
"12525","-0.04505451023578644","-0.04505451023578644","-0.04505451023578644"
"12549","-0.04360102862119675","-0.04360102862119675","-0.04360102862119675"
"12573","-0.04304161295294762","-0.04304161295294762","-0.04304161295294762"
"12597","-0.04184025898575783","-0.04184025898575783","-0.04184025898575783"
"12621","-0.040990740060806274","-0.040990740060806274","-0.040990740060806274"
"12645","-0.040766190737485886","-0.040766190737485886","-0.040766190737485886"
"12669","-0.041087713092565536","-0.041087713092565536","-0.041087713092565536"
"12693","-0.04106174409389496","-0.04106174409389496","-0.04106174409389496"
"12717","-0.041297461837530136","-0.041297461837530136","-0.041297461837530136"
"12741","-0.04090389609336853","-0.04090389609336853","-0.04090389609336853"
"12764","-0.05539108067750931","-0.05539108067750931","-0.05539108067750931"
"12787","-0.05711663141846657","-0.05711663141846657","-0.05711663141846657"
"12810","-0.060039304196834564","-0.060039304196834564","-0.060039304196834564"
"12833","-0.061221636831760406","-0.061221636831760406","-0.061221636831760406"
"12856","-0.057257216423749924","-0.057257216423749924","-0.057257216423749924"
"12880","-0.055297721177339554","-0.055297721177339554","-0.055297721177339554"
"12903","-0.06103939935564995","-0.06103939935564995","-0.06103939935564995"
"12927","-0.06033697351813316","-0.06033697351813316","-0.06033697351813316"
"12950","-0.05762878432869911","-0.05762878432869911","-0.05762878432869911"
"12974","-0.056243646889925","-0.056243646889925","-0.056243646889925"
"12998","-0.05446205660700798","-0.05446205660700798","-0.05446205660700798"
"13022","-0.056270137429237366","-0.056270137429237366","-0.056270137429237366"
"13046","-0.05621759220957756","-0.05621759220957756","-0.05621759220957756"
"13070","-0.056271594017744064","-0.056271594017744064","-0.056271594017744064"
"13094","-0.05239740014076233","-0.05239740014076233","-0.05239740014076233"
"13118","-0.0542248860001564","-0.0542248860001564","-0.0542248860001564"
"13142","-0.05606808885931969","-0.05606808885931969","-0.05606808885931969"
"13166","-0.05669771879911423","-0.05669771879911423","-0.05669771879911423"
"13190","-0.05677694454789162","-0.05677694454789162","-0.05677694454789162"
"13214","-0.05353942885994911","-0.05353942885994911","-0.05353942885994911"
"13238","-0.05638759210705757","-0.05638759210705757","-0.05638759210705757"
"13262","-0.05596578121185303","-0.05596578121185303","-0.05596578121185303"
"13286","-0.05513637885451317","-0.05513637885451317","-0.05513637885451317"
"13310","-0.0552091971039772","-0.0552091971039772","-0.0552091971039772"
"13334","-0.0537855364382267","-0.0537855364382267","-0.0537855364382267"
"13358","-0.05281992629170418","-0.05281992629170418","-0.05281992629170418"
"13382","-0.05311250314116478","-0.05311250314116478","-0.05311250314116478"
"13406","-0.05362347140908241","-0.05362347140908241","-0.05362347140908241"
"13430","-0.052324000746011734","-0.052324000746011734","-0.052324000746011734"
"13454","-0.05111110210418701","-0.05111110210418701","-0.05111110210418701"
"13478","-0.04909076169133186","-0.04909076169133186","-0.04909076169133186"
"13502","-0.04744270443916321","-0.04744270443916321","-0.04744270443916321"
"13526","-0.046949584037065506","-0.046949584037065506","-0.046949584037065506"
"13550","-0.04831820726394653","-0.04831820726394653","-0.04831820726394653"
"13574","-0.048659391701221466","-0.048659391701221466","-0.048659391701221466"
"13598","-0.04928743466734886","-0.04928743466734886","-0.04928743466734886"
"13622","-0.04897323250770569","-0.04897323250770569","-0.04897323250770569"
"13646","-0.04725544527173042","-0.04725544527173042","-0.04725544527173042"
"13670","-0.04676565155386925","-0.04676565155386925","-0.04676565155386925"
"13694","-0.044051334261894226","-0.044051334261894226","-0.044051334261894226"
"13718","-0.04205631837248802","-0.04205631837248802","-0.04205631837248802"
"13742","-0.043727368116378784","-0.043727368116378784","-0.043727368116378784"
"13766","-0.04597729444503784","-0.04597729444503784","-0.04597729444503784"
"13790","-0.04379793629050255","-0.04379793629050255","-0.04379793629050255"
"13814","-0.04388975724577904","-0.04388975724577904","-0.04388975724577904"
"13838","-0.043966859579086304","-0.043966859579086304","-0.043966859579086304"
"13862","-0.04350058734416962","-0.04350058734416962","-0.04350058734416962"
"13886","-0.041473980993032455","-0.041473980993032455","-0.041473980993032455"
"13910","-0.041597187519073486","-0.041597187519073486","-0.041597187519073486"
"13934","-0.041699767112731934","-0.041699767112731934","-0.041699767112731934"
"13958","-0.04096480458974838","-0.04096480458974838","-0.04096480458974838"
"13982","-0.04258525371551514","-0.04258525371551514","-0.04258525371551514"
"14006","-0.04201488569378853","-0.04201488569378853","-0.04201488569378853"
"14030","-0.04178570583462715","-0.04178570583462715","-0.04178570583462715"
"14054","-0.04036565124988556","-0.04036565124988556","-0.04036565124988556"
"14078","-0.03978109732270241","-0.03978109732270241","-0.03978109732270241"
"14102","-0.037768542766571045","-0.037768542766571045","-0.037768542766571045"
"14126","-0.0384126678109169","-0.0384126678109169","-0.0384126678109169"
"14150","-0.03899813070893288","-0.03899813070893288","-0.03899813070893288"
"14174","-0.03853684291243553","-0.03853684291243553","-0.03853684291243553"
"14198","-0.03697430342435837","-0.03697430342435837","-0.03697430342435837"
"14222","-0.036802738904953","-0.036802738904953","-0.036802738904953"
"14246","-0.03651883453130722","-0.03651883453130722","-0.03651883453130722"
"14270","-0.03634999319911003","-0.03634999319911003","-0.03634999319911003"
"14294","-0.03683529049158096","-0.03683529049158096","-0.03683529049158096"
"14318","-0.03600818291306496","-0.03600818291306496","-0.03600818291306496"
"14342","-0.03592965006828308","-0.03592965006828308","-0.03592965006828308"
"14366","-0.035872507840394974","-0.035872507840394974","-0.035872507840394974"
"14390","-0.03607640415430069","-0.03607640415430069","-0.03607640415430069"
"14414","-0.03602299094200134","-0.03602299094200134","-0.03602299094200134"
"14438","-0.03654332831501961","-0.03654332831501961","-0.03654332831501961"
"14462","-0.036330632865428925","-0.036330632865428925","-0.036330632865428925"
"14486","-0.036122292280197144","-0.036122292280197144","-0.036122292280197144"
"14510","-0.036250337958335876","-0.036250337958335876","-0.036250337958335876"
"14534","-0.03718525171279907","-0.03718525171279907","-0.03718525171279907"
"14558","-0.037618961185216904","-0.037618961185216904","-0.037618961185216904"
"14582","-0.03776123374700546","-0.03776123374700546","-0.03776123374700546"
"14606","-0.03664003312587738","-0.03664003312587738","-0.03664003312587738"
"14630","-0.03629201278090477","-0.03629201278090477","-0.03629201278090477"
"14654","-0.03586667403578758","-0.03586667403578758","-0.03586667403578758"
"14678","-0.035776589065790176","-0.035776589065790176","-0.035776589065790176"
"14702","-0.03557555377483368","-0.03557555377483368","-0.03557555377483368"
"14726","-0.036327630281448364","-0.036327630281448364","-0.036327630281448364"
"14750","-0.036449581384658813","-0.036449581384658813","-0.036449581384658813"
"14774","-0.03782927989959717","-0.03782927989959717","-0.03782927989959717"
"14798","-0.0369238443672657","-0.0369238443672657","-0.0369238443672657"
"14822","-0.03860527276992798","-0.03860527276992798","-0.03860527276992798"
"14846","-0.03753840923309326","-0.03753840923309326","-0.03753840923309326"
"14870","-0.03847917914390564","-0.03847917914390564","-0.03847917914390564"
"14894","-0.038116224110126495","-0.038116224110126495","-0.038116224110126495"
"14918","-0.03877072036266327","-0.03877072036266327","-0.03877072036266327"
"14942","-0.03899325430393219","-0.03899325430393219","-0.03899325430393219"
"14966","-0.04148099943995476","-0.04148099943995476","-0.04148099943995476"
"14990","-0.04226226359605789","-0.04226226359605789","-0.04226226359605789"
"15014","-0.04013912379741669","-0.04013912379741669","-0.04013912379741669"
"15038","-0.03818536549806595","-0.03818536549806595","-0.03818536549806595"
"15062","-0.035577114671468735","-0.035577114671468735","-0.035577114671468735"
"15086","-0.03688556328415871","-0.03688556328415871","-0.03688556328415871"
"15110","-0.03584066405892372","-0.03584066405892372","-0.03584066405892372"
"15134","-0.03486155346035957","-0.03486155346035957","-0.03486155346035957"
"15158","-0.034217193722724915","-0.034217193722724915","-0.034217193722724915"
"15182","-0.03408918157219887","-0.03408918157219887","-0.03408918157219887"
"15206","-0.03411480039358139","-0.03411480039358139","-0.03411480039358139"
"15230","-0.03517218679189682","-0.03517218679189682","-0.03517218679189682"
"15254","-0.03513050079345703","-0.03513050079345703","-0.03513050079345703"
"15278","-0.034688688814640045","-0.034688688814640045","-0.034688688814640045"
"15302","-0.03445979580283165","-0.03445979580283165","-0.03445979580283165"
"15326","-0.036895960569381714","-0.036895960569381714","-0.036895960569381714"
"15350","-0.03848276659846306","-0.03848276659846306","-0.03848276659846306"
"15374","-0.04170896112918854","-0.04170896112918854","-0.04170896112918854"
"15398","-0.04148212820291519","-0.04148212820291519","-0.04148212820291519"
"15422","-0.03826632350683212","-0.03826632350683212","-0.03826632350683212"
"15446","-0.040236249566078186","-0.040236249566078186","-0.040236249566078186"
"15470","-0.04165850207209587","-0.04165850207209587","-0.04165850207209587"
"15494","-0.03986170515418053","-0.03986170515418053","-0.03986170515418053"
"15518","-0.038641080260276794","-0.038641080260276794","-0.038641080260276794"
"15542","-0.04081466421484947","-0.04081466421484947","-0.04081466421484947"
"15566","-0.04000336676836014","-0.04000336676836014","-0.04000336676836014"
"15590","-0.040091801434755325","-0.040091801434755325","-0.040091801434755325"
"15614","-0.042150676250457764","-0.042150676250457764","-0.042150676250457764"
"15638","-0.043174680322408676","-0.043174680322408676","-0.043174680322408676"
"15662","-0.04093530774116516","-0.04093530774116516","-0.04093530774116516"
"15686","-0.03757258132100105","-0.03757258132100105","-0.03757258132100105"
"15710","-0.03928627446293831","-0.03928627446293831","-0.03928627446293831"
"15734","-0.038838330656290054","-0.038838330656290054","-0.038838330656290054"
"15758","-0.03848947584629059","-0.03848947584629059","-0.03848947584629059"
"15782","-0.0389745831489563","-0.0389745831489563","-0.0389745831489563"
"15806","-0.04031313955783844","-0.04031313955783844","-0.04031313955783844"
"15830","-0.04168776050209999","-0.04168776050209999","-0.04168776050209999"
"15854","-0.0408397912979126","-0.0408397912979126","-0.0408397912979126"
"15878","-0.041826292872428894","-0.041826292872428894","-0.041826292872428894"
"15902","-0.042747557163238525","-0.042747557163238525","-0.042747557163238525"
"15926","-0.04374968260526657","-0.04374968260526657","-0.04374968260526657"
"15950","-0.04129287600517273","-0.04129287600517273","-0.04129287600517273"
"15974","-0.04059436917304993","-0.04059436917304993","-0.04059436917304993"
"15998","-0.04118166118860245","-0.04118166118860245","-0.04118166118860245"
"16022","-0.04353285953402519","-0.04353285953402519","-0.04353285953402519"
"16046","-0.041607510298490524","-0.041607510298490524","-0.041607510298490524"
"16070","-0.04213320091366768","-0.04213320091366768","-0.04213320091366768"
"16094","-0.039375972002744675","-0.039375972002744675","-0.039375972002744675"
"16118","-0.04102911055088043","-0.04102911055088043","-0.04102911055088043"
"16142","-0.041281700134277344","-0.041281700134277344","-0.041281700134277344"
"16166","-0.04010806977748871","-0.04010806977748871","-0.04010806977748871"
"16190","-0.03962919861078262","-0.03962919861078262","-0.03962919861078262"
"16214","-0.03987851366400719","-0.03987851366400719","-0.03987851366400719"
"16238","-0.03894437104463577","-0.03894437104463577","-0.03894437104463577"
"16262","-0.038930974900722504","-0.038930974900722504","-0.038930974900722504"
"16286","-0.03978903964161873","-0.03978903964161873","-0.03978903964161873"
"16310","-0.038968946784734726","-0.038968946784734726","-0.038968946784734726"
"16334","-0.03737105056643486","-0.03737105056643486","-0.03737105056643486"
"16358","-0.03762327879667282","-0.03762327879667282","-0.03762327879667282"
"16382","-0.03714900091290474","-0.03714900091290474","-0.03714900091290474"
"16406","-0.037901293486356735","-0.037901293486356735","-0.037901293486356735"
"16430","-0.03862800821661949","-0.03862800821661949","-0.03862800821661949"
"16454","-0.0396965928375721","-0.0396965928375721","-0.0396965928375721"
"16478","-0.039118435233831406","-0.039118435233831406","-0.039118435233831406"
"16502","-0.038658738136291504","-0.038658738136291504","-0.038658738136291504"
"16526","-0.03898472338914871","-0.03898472338914871","-0.03898472338914871"
"16550","-0.03772849589586258","-0.03772849589586258","-0.03772849589586258"
"16574","-0.03794769197702408","-0.03794769197702408","-0.03794769197702408"
"16598","-0.038616593927145004","-0.038616593927145004","-0.038616593927145004"
"16622","-0.0379222109913826","-0.0379222109913826","-0.0379222109913826"
"16646","-0.038006797432899475","-0.038006797432899475","-0.038006797432899475"
"16670","-0.03788767755031586","-0.03788767755031586","-0.03788767755031586"
"16694","-0.03973963111639023","-0.03973963111639023","-0.03973963111639023"
"16718","-0.04008377715945244","-0.04008377715945244","-0.04008377715945244"
"16742","-0.03903532400727272","-0.03903532400727272","-0.03903532400727272"
"16766","-0.04031762480735779","-0.04031762480735779","-0.04031762480735779"
"16790","-0.04092536121606827","-0.04092536121606827","-0.04092536121606827"
"16814","-0.039859090000391006","-0.039859090000391006","-0.039859090000391006"
"16838","-0.04066278412938118","-0.04066278412938118","-0.04066278412938118"
"16862","-0.04104406386613846","-0.04104406386613846","-0.04104406386613846"
"16886","-0.04017053171992302","-0.04017053171992302","-0.04017053171992302"
"16910","-0.03923586383461952","-0.03923586383461952","-0.03923586383461952"
"16934","-0.03937894105911255","-0.03937894105911255","-0.03937894105911255"
"16958","-0.04038498178124428","-0.04038498178124428","-0.04038498178124428"
"16982","-0.039302535355091095","-0.039302535355091095","-0.039302535355091095"
"17006","-0.037202540785074234","-0.037202540785074234","-0.037202540785074234"
"17030","-0.03733312338590622","-0.03733312338590622","-0.03733312338590622"
"17054","-0.03805020451545715","-0.03805020451545715","-0.03805020451545715"
"17078","-0.037418387830257416","-0.037418387830257416","-0.037418387830257416"
"17102","-0.03720451518893242","-0.03720451518893242","-0.03720451518893242"
"17126","-0.03752069175243378","-0.03752069175243378","-0.03752069175243378"
"17150","-0.03604288771748543","-0.03604288771748543","-0.03604288771748543"