"Step","obs_wo_linearv_seed2/11-30_15-20 - train/stats.tracking_error","obs_wo_linearv_seed2/11-30_15-20 - train/stats.tracking_error__MIN","obs_wo_linearv_seed2/11-30_15-20 - train/stats.tracking_error__MAX"
"1","-0.42619386315345764","-0.42619386315345764","-0.42619386315345764"
"2","-0.4241059720516205","-0.4241059720516205","-0.4241059720516205"
"3","-0.42505887150764465","-0.42505887150764465","-0.42505887150764465"
"4","-0.42630016803741455","-0.42630016803741455","-0.42630016803741455"
"5","-0.4286283254623413","-0.4286283254623413","-0.4286283254623413"
"7","-0.43063661456108093","-0.43063661456108093","-0.43063661456108093"
"9","-0.43548086285591125","-0.43548086285591125","-0.43548086285591125"
"11","-0.4410547614097595","-0.4410547614097595","-0.4410547614097595"
"13","-0.4465119242668152","-0.4465119242668152","-0.4465119242668152"
"15","-0.4466783106327057","-0.4466783106327057","-0.4466783106327057"
"17","-0.4440920054912567","-0.4440920054912567","-0.4440920054912567"
"19","-0.439920037984848","-0.439920037984848","-0.439920037984848"
"21","-0.42939940094947815","-0.42939940094947815","-0.42939940094947815"
"24","-0.41834577918052673","-0.41834577918052673","-0.41834577918052673"
"27","-0.4161951243877411","-0.4161951243877411","-0.4161951243877411"
"30","-0.4307900369167328","-0.4307900369167328","-0.4307900369167328"
"34","-0.45420604944229126","-0.45420604944229126","-0.45420604944229126"
"38","-0.4512999355792999","-0.4512999355792999","-0.4512999355792999"
"43","-0.43638280034065247","-0.43638280034065247","-0.43638280034065247"
"49","-0.43821385502815247","-0.43821385502815247","-0.43821385502815247"
"57","-0.4356760084629059","-0.4356760084629059","-0.4356760084629059"
"68","-0.43400874733924866","-0.43400874733924866","-0.43400874733924866"
"81","-0.43903693556785583","-0.43903693556785583","-0.43903693556785583"
"97","-0.4350277781486511","-0.4350277781486511","-0.4350277781486511"
"115","-0.4174570143222809","-0.4174570143222809","-0.4174570143222809"
"134","-0.3969148099422455","-0.3969148099422455","-0.3969148099422455"
"153","-0.38110047578811646","-0.38110047578811646","-0.38110047578811646"
"173","-0.36577484011650085","-0.36577484011650085","-0.36577484011650085"
"193","-0.35587671399116516","-0.35587671399116516","-0.35587671399116516"
"213","-0.35418105125427246","-0.35418105125427246","-0.35418105125427246"
"233","-0.34794896841049194","-0.34794896841049194","-0.34794896841049194"
"253","-0.3387930989265442","-0.3387930989265442","-0.3387930989265442"
"274","-0.3284585475921631","-0.3284585475921631","-0.3284585475921631"
"295","-0.32198989391326904","-0.32198989391326904","-0.32198989391326904"
"316","-0.31190577149391174","-0.31190577149391174","-0.31190577149391174"
"337","-0.304450660943985","-0.304450660943985","-0.304450660943985"
"358","-0.30024394392967224","-0.30024394392967224","-0.30024394392967224"
"380","-0.2954942286014557","-0.2954942286014557","-0.2954942286014557"
"402","-0.2911538779735565","-0.2911538779735565","-0.2911538779735565"
"424","-0.28419774770736694","-0.28419774770736694","-0.28419774770736694"
"445","-0.28113463521003723","-0.28113463521003723","-0.28113463521003723"
"467","-0.28183847665786743","-0.28183847665786743","-0.28183847665786743"
"489","-0.28440675139427185","-0.28440675139427185","-0.28440675139427185"
"511","-0.28785333037376404","-0.28785333037376404","-0.28785333037376404"
"533","-0.2817337214946747","-0.2817337214946747","-0.2817337214946747"
"555","-0.27961593866348267","-0.27961593866348267","-0.27961593866348267"
"577","-0.28144994378089905","-0.28144994378089905","-0.28144994378089905"
"599","-0.2847488522529602","-0.2847488522529602","-0.2847488522529602"
"621","-0.2885217070579529","-0.2885217070579529","-0.2885217070579529"
"643","-0.29230114817619324","-0.29230114817619324","-0.29230114817619324"
"665","-0.29230475425720215","-0.29230475425720215","-0.29230475425720215"
"687","-0.2927638590335846","-0.2927638590335846","-0.2927638590335846"
"709","-0.29094821214675903","-0.29094821214675903","-0.29094821214675903"
"731","-0.28734996914863586","-0.28734996914863586","-0.28734996914863586"
"753","-0.28690603375434875","-0.28690603375434875","-0.28690603375434875"
"775","-0.28268691897392273","-0.28268691897392273","-0.28268691897392273"
"797","-0.28232961893081665","-0.28232961893081665","-0.28232961893081665"
"819","-0.28123655915260315","-0.28123655915260315","-0.28123655915260315"
"841","-0.2759019434452057","-0.2759019434452057","-0.2759019434452057"
"863","-0.27636274695396423","-0.27636274695396423","-0.27636274695396423"
"885","-0.2738870680332184","-0.2738870680332184","-0.2738870680332184"
"907","-0.26700079441070557","-0.26700079441070557","-0.26700079441070557"
"929","-0.2591574192047119","-0.2591574192047119","-0.2591574192047119"
"951","-0.25995954871177673","-0.25995954871177673","-0.25995954871177673"
"973","-0.25958648324012756","-0.25958648324012756","-0.25958648324012756"
"995","-0.25971800088882446","-0.25971800088882446","-0.25971800088882446"
"1017","-0.2576361894607544","-0.2576361894607544","-0.2576361894607544"
"1039","-0.2554927468299866","-0.2554927468299866","-0.2554927468299866"
"1061","-0.2562195062637329","-0.2562195062637329","-0.2562195062637329"
"1084","-0.25396421551704407","-0.25396421551704407","-0.25396421551704407"
"1106","-0.25844094157218933","-0.25844094157218933","-0.25844094157218933"
"1128","-0.25763851404190063","-0.25763851404190063","-0.25763851404190063"
"1150","-0.2609865963459015","-0.2609865963459015","-0.2609865963459015"
"1172","-0.25810426473617554","-0.25810426473617554","-0.25810426473617554"
"1194","-0.2621971070766449","-0.2621971070766449","-0.2621971070766449"
"1216","-0.2573896646499634","-0.2573896646499634","-0.2573896646499634"
"1238","-0.25750455260276794","-0.25750455260276794","-0.25750455260276794"
"1261","-0.2552953362464905","-0.2552953362464905","-0.2552953362464905"
"1283","-0.25240984559059143","-0.25240984559059143","-0.25240984559059143"
"1305","-0.24830986559391022","-0.24830986559391022","-0.24830986559391022"
"1328","-0.24097460508346558","-0.24097460508346558","-0.24097460508346558"
"1351","-0.23522238433361053","-0.23522238433361053","-0.23522238433361053"
"1374","-0.23226283490657806","-0.23226283490657806","-0.23226283490657806"
"1397","-0.23034650087356567","-0.23034650087356567","-0.23034650087356567"
"1420","-0.2295338213443756","-0.2295338213443756","-0.2295338213443756"
"1443","-0.22512602806091309","-0.22512602806091309","-0.22512602806091309"
"1466","-0.22219020128250122","-0.22219020128250122","-0.22219020128250122"
"1489","-0.2234475016593933","-0.2234475016593933","-0.2234475016593933"
"1512","-0.21796049177646637","-0.21796049177646637","-0.21796049177646637"
"1535","-0.21296346187591553","-0.21296346187591553","-0.21296346187591553"
"1558","-0.2124912291765213","-0.2124912291765213","-0.2124912291765213"
"1581","-0.2132265269756317","-0.2132265269756317","-0.2132265269756317"
"1604","-0.21394366025924683","-0.21394366025924683","-0.21394366025924683"
"1627","-0.2136540710926056","-0.2136540710926056","-0.2136540710926056"
"1650","-0.21152359247207642","-0.21152359247207642","-0.21152359247207642"
"1673","-0.21075265109539032","-0.21075265109539032","-0.21075265109539032"
"1696","-0.20759950578212738","-0.20759950578212738","-0.20759950578212738"
"1719","-0.20884349942207336","-0.20884349942207336","-0.20884349942207336"
"1742","-0.20887598395347595","-0.20887598395347595","-0.20887598395347595"
"1765","-0.2069382667541504","-0.2069382667541504","-0.2069382667541504"
"1788","-0.20809821784496307","-0.20809821784496307","-0.20809821784496307"
"1811","-0.20650610327720642","-0.20650610327720642","-0.20650610327720642"
"1834","-0.20769061148166656","-0.20769061148166656","-0.20769061148166656"
"1857","-0.20659485459327698","-0.20659485459327698","-0.20659485459327698"
"1880","-0.20592279732227325","-0.20592279732227325","-0.20592279732227325"
"1903","-0.20050451159477234","-0.20050451159477234","-0.20050451159477234"
"1926","-0.19887106120586395","-0.19887106120586395","-0.19887106120586395"
"1949","-0.19878339767456055","-0.19878339767456055","-0.19878339767456055"
"1972","-0.20159529149532318","-0.20159529149532318","-0.20159529149532318"
"1995","-0.1992318481206894","-0.1992318481206894","-0.1992318481206894"
"2018","-0.19659149646759033","-0.19659149646759033","-0.19659149646759033"
"2041","-0.19586452841758728","-0.19586452841758728","-0.19586452841758728"
"2064","-0.19317270815372467","-0.19317270815372467","-0.19317270815372467"
"2087","-0.19237224757671356","-0.19237224757671356","-0.19237224757671356"
"2110","-0.19569405913352966","-0.19569405913352966","-0.19569405913352966"
"2133","-0.19298586249351501","-0.19298586249351501","-0.19298586249351501"
"2156","-0.19425179064273834","-0.19425179064273834","-0.19425179064273834"
"2179","-0.1943802833557129","-0.1943802833557129","-0.1943802833557129"
"2202","-0.19595232605934143","-0.19595232605934143","-0.19595232605934143"
"2225","-0.19565683603286743","-0.19565683603286743","-0.19565683603286743"
"2248","-0.19536302983760834","-0.19536302983760834","-0.19536302983760834"
"2271","-0.204583540558815","-0.204583540558815","-0.204583540558815"
"2293","-0.20983365178108215","-0.20983365178108215","-0.20983365178108215"
"2316","-0.20633676648139954","-0.20633676648139954","-0.20633676648139954"
"2339","-0.20166125893592834","-0.20166125893592834","-0.20166125893592834"
"2362","-0.2012815624475479","-0.2012815624475479","-0.2012815624475479"
"2385","-0.19708891212940216","-0.19708891212940216","-0.19708891212940216"
"2408","-0.19546623528003693","-0.19546623528003693","-0.19546623528003693"
"2431","-0.19382686913013458","-0.19382686913013458","-0.19382686913013458"
"2454","-0.19178742170333862","-0.19178742170333862","-0.19178742170333862"
"2477","-0.1915547400712967","-0.1915547400712967","-0.1915547400712967"
"2500","-0.18740180134773254","-0.18740180134773254","-0.18740180134773254"
"2523","-0.18779514729976654","-0.18779514729976654","-0.18779514729976654"
"2547","-0.18721020221710205","-0.18721020221710205","-0.18721020221710205"
"2571","-0.18398045003414154","-0.18398045003414154","-0.18398045003414154"
"2595","-0.1821267306804657","-0.1821267306804657","-0.1821267306804657"
"2619","-0.18299412727355957","-0.18299412727355957","-0.18299412727355957"
"2643","-0.1825079619884491","-0.1825079619884491","-0.1825079619884491"
"2667","-0.18279846012592316","-0.18279846012592316","-0.18279846012592316"
"2691","-0.18512043356895447","-0.18512043356895447","-0.18512043356895447"
"2715","-0.18449291586875916","-0.18449291586875916","-0.18449291586875916"
"2739","-0.18519377708435059","-0.18519377708435059","-0.18519377708435059"
"2763","-0.18533985316753387","-0.18533985316753387","-0.18533985316753387"
"2787","-0.1832343488931656","-0.1832343488931656","-0.1832343488931656"
"2811","-0.183393657207489","-0.183393657207489","-0.183393657207489"
"2835","-0.18176953494548798","-0.18176953494548798","-0.18176953494548798"
"2859","-0.18119758367538452","-0.18119758367538452","-0.18119758367538452"
"2883","-0.1811085343360901","-0.1811085343360901","-0.1811085343360901"
"2907","-0.18028457462787628","-0.18028457462787628","-0.18028457462787628"
"2931","-0.18282736837863922","-0.18282736837863922","-0.18282736837863922"
"2955","-0.18252520263195038","-0.18252520263195038","-0.18252520263195038"
"2979","-0.18195806443691254","-0.18195806443691254","-0.18195806443691254"
"3003","-0.17926160991191864","-0.17926160991191864","-0.17926160991191864"
"3027","-0.18310201168060303","-0.18310201168060303","-0.18310201168060303"
"3051","-0.18319684267044067","-0.18319684267044067","-0.18319684267044067"
"3075","-0.18255358934402466","-0.18255358934402466","-0.18255358934402466"
"3099","-0.18403473496437073","-0.18403473496437073","-0.18403473496437073"
"3123","-0.18284232914447784","-0.18284232914447784","-0.18284232914447784"
"3147","-0.1823706477880478","-0.1823706477880478","-0.1823706477880478"
"3171","-0.18263240158557892","-0.18263240158557892","-0.18263240158557892"
"3195","-0.18087156116962433","-0.18087156116962433","-0.18087156116962433"
"3219","-0.1793375462293625","-0.1793375462293625","-0.1793375462293625"
"3243","-0.1800485998392105","-0.1800485998392105","-0.1800485998392105"
"3267","-0.1802591234445572","-0.1802591234445572","-0.1802591234445572"
"3291","-0.1806206852197647","-0.1806206852197647","-0.1806206852197647"
"3315","-0.17828212678432465","-0.17828212678432465","-0.17828212678432465"
"3339","-0.17914025485515594","-0.17914025485515594","-0.17914025485515594"
"3363","-0.17888811230659485","-0.17888811230659485","-0.17888811230659485"
"3387","-0.17529422044754028","-0.17529422044754028","-0.17529422044754028"
"3411","-0.1767982691526413","-0.1767982691526413","-0.1767982691526413"
"3435","-0.17719867825508118","-0.17719867825508118","-0.17719867825508118"
"3459","-0.17591539025306702","-0.17591539025306702","-0.17591539025306702"
"3483","-0.17910809814929962","-0.17910809814929962","-0.17910809814929962"
"3507","-0.1786283254623413","-0.1786283254623413","-0.1786283254623413"
"3531","-0.18019388616085052","-0.18019388616085052","-0.18019388616085052"
"3555","-0.18498069047927856","-0.18498069047927856","-0.18498069047927856"
"3579","-0.18336933851242065","-0.18336933851242065","-0.18336933851242065"
"3603","-0.18452712893486023","-0.18452712893486023","-0.18452712893486023"
"3627","-0.18322402238845825","-0.18322402238845825","-0.18322402238845825"
"3651","-0.1829724758863449","-0.1829724758863449","-0.1829724758863449"
"3675","-0.18137894570827484","-0.18137894570827484","-0.18137894570827484"
"3699","-0.17824304103851318","-0.17824304103851318","-0.17824304103851318"
"3723","-0.1775542050600052","-0.1775542050600052","-0.1775542050600052"
"3747","-0.17704015970230103","-0.17704015970230103","-0.17704015970230103"
"3771","-0.17718465626239777","-0.17718465626239777","-0.17718465626239777"
"3795","-0.1772870570421219","-0.1772870570421219","-0.1772870570421219"
"3819","-0.17927753925323486","-0.17927753925323486","-0.17927753925323486"
"3843","-0.17902368307113647","-0.17902368307113647","-0.17902368307113647"
"3867","-0.1763564646244049","-0.1763564646244049","-0.1763564646244049"
"3891","-0.1766727715730667","-0.1766727715730667","-0.1766727715730667"
"3915","-0.1758093237876892","-0.1758093237876892","-0.1758093237876892"
"3939","-0.17450754344463348","-0.17450754344463348","-0.17450754344463348"
"3963","-0.17432793974876404","-0.17432793974876404","-0.17432793974876404"
"3987","-0.17340266704559326","-0.17340266704559326","-0.17340266704559326"
"4011","-0.17372629046440125","-0.17372629046440125","-0.17372629046440125"
"4035","-0.17634309828281403","-0.17634309828281403","-0.17634309828281403"
"4059","-0.1773662120103836","-0.1773662120103836","-0.1773662120103836"
"4083","-0.17796041071414948","-0.17796041071414948","-0.17796041071414948"
"4107","-0.17959310114383698","-0.17959310114383698","-0.17959310114383698"
"4131","-0.18149897456169128","-0.18149897456169128","-0.18149897456169128"
"4155","-0.18327587842941284","-0.18327587842941284","-0.18327587842941284"
"4179","-0.18160124123096466","-0.18160124123096466","-0.18160124123096466"
"4203","-0.18203556537628174","-0.18203556537628174","-0.18203556537628174"
"4227","-0.1804230511188507","-0.1804230511188507","-0.1804230511188507"
"4251","-0.18152399361133575","-0.18152399361133575","-0.18152399361133575"
"4275","-0.17877879738807678","-0.17877879738807678","-0.17877879738807678"
"4299","-0.1772177368402481","-0.1772177368402481","-0.1772177368402481"
"4323","-0.1757904440164566","-0.1757904440164566","-0.1757904440164566"
"4347","-0.17910856008529663","-0.17910856008529663","-0.17910856008529663"
"4371","-0.17700427770614624","-0.17700427770614624","-0.17700427770614624"
"4395","-0.17868167161941528","-0.17868167161941528","-0.17868167161941528"
"4419","-0.17749814689159393","-0.17749814689159393","-0.17749814689159393"
"4443","-0.1773672103881836","-0.1773672103881836","-0.1773672103881836"
"4467","-0.17591725289821625","-0.17591725289821625","-0.17591725289821625"
"4491","-0.17628060281276703","-0.17628060281276703","-0.17628060281276703"
"4515","-0.17613142728805542","-0.17613142728805542","-0.17613142728805542"
"4539","-0.17586123943328857","-0.17586123943328857","-0.17586123943328857"
"4563","-0.176205113530159","-0.176205113530159","-0.176205113530159"
"4587","-0.1760597676038742","-0.1760597676038742","-0.1760597676038742"
"4611","-0.17552953958511353","-0.17552953958511353","-0.17552953958511353"
"4635","-0.17692171037197113","-0.17692171037197113","-0.17692171037197113"
"4659","-0.17725270986557007","-0.17725270986557007","-0.17725270986557007"
"4683","-0.1784169226884842","-0.1784169226884842","-0.1784169226884842"
"4707","-0.17795518040657043","-0.17795518040657043","-0.17795518040657043"
"4731","-0.18010622262954712","-0.18010622262954712","-0.18010622262954712"
"4755","-0.17928922176361084","-0.17928922176361084","-0.17928922176361084"
"4779","-0.1789417564868927","-0.1789417564868927","-0.1789417564868927"
"4803","-0.17933356761932373","-0.17933356761932373","-0.17933356761932373"
"4827","-0.18119435012340546","-0.18119435012340546","-0.18119435012340546"
"4851","-0.17849107086658478","-0.17849107086658478","-0.17849107086658478"
"4875","-0.1784512847661972","-0.1784512847661972","-0.1784512847661972"
"4899","-0.17848657071590424","-0.17848657071590424","-0.17848657071590424"
"4923","-0.17830334603786469","-0.17830334603786469","-0.17830334603786469"
"4947","-0.17683131992816925","-0.17683131992816925","-0.17683131992816925"
"4971","-0.178429514169693","-0.178429514169693","-0.178429514169693"
"4995","-0.18077987432479858","-0.18077987432479858","-0.18077987432479858"
"5019","-0.18096230924129486","-0.18096230924129486","-0.18096230924129486"
"5043","-0.18102970719337463","-0.18102970719337463","-0.18102970719337463"
"5067","-0.18201054632663727","-0.18201054632663727","-0.18201054632663727"
"5091","-0.18112976849079132","-0.18112976849079132","-0.18112976849079132"
"5115","-0.18209370970726013","-0.18209370970726013","-0.18209370970726013"
"5139","-0.18290579319000244","-0.18290579319000244","-0.18290579319000244"
"5163","-0.18330490589141846","-0.18330490589141846","-0.18330490589141846"
"5187","-0.17885330319404602","-0.17885330319404602","-0.17885330319404602"
"5211","-0.17593787610530853","-0.17593787610530853","-0.17593787610530853"
"5235","-0.17650845646858215","-0.17650845646858215","-0.17650845646858215"
"5259","-0.17979294061660767","-0.17979294061660767","-0.17979294061660767"
"5283","-0.18150563538074493","-0.18150563538074493","-0.18150563538074493"
"5307","-0.1810341626405716","-0.1810341626405716","-0.1810341626405716"
"5331","-0.18107308447360992","-0.18107308447360992","-0.18107308447360992"
"5355","-0.18277062475681305","-0.18277062475681305","-0.18277062475681305"
"5379","-0.18230758607387543","-0.18230758607387543","-0.18230758607387543"
"5403","-0.1811726838350296","-0.1811726838350296","-0.1811726838350296"
"5427","-0.18135575950145721","-0.18135575950145721","-0.18135575950145721"
"5451","-0.1829020231962204","-0.1829020231962204","-0.1829020231962204"
"5475","-0.18538996577262878","-0.18538996577262878","-0.18538996577262878"
"5499","-0.18454132974147797","-0.18454132974147797","-0.18454132974147797"
"5523","-0.18433386087417603","-0.18433386087417603","-0.18433386087417603"
"5547","-0.18443241715431213","-0.18443241715431213","-0.18443241715431213"
"5571","-0.18333753943443298","-0.18333753943443298","-0.18333753943443298"
"5595","-0.18092186748981476","-0.18092186748981476","-0.18092186748981476"
"5619","-0.18215014040470123","-0.18215014040470123","-0.18215014040470123"
"5643","-0.18294669687747955","-0.18294669687747955","-0.18294669687747955"
"5667","-0.18130657076835632","-0.18130657076835632","-0.18130657076835632"
"5691","-0.18224051594734192","-0.18224051594734192","-0.18224051594734192"
"5715","-0.1826501041650772","-0.1826501041650772","-0.1826501041650772"
"5739","-0.1811460554599762","-0.1811460554599762","-0.1811460554599762"
"5763","-0.1824098378419876","-0.1824098378419876","-0.1824098378419876"
"5787","-0.18519115447998047","-0.18519115447998047","-0.18519115447998047"
"5811","-0.1861087530851364","-0.1861087530851364","-0.1861087530851364"
"5835","-0.1847010999917984","-0.1847010999917984","-0.1847010999917984"
"5859","-0.18533340096473694","-0.18533340096473694","-0.18533340096473694"
"5883","-0.1896066963672638","-0.1896066963672638","-0.1896066963672638"
"5907","-0.18902496993541718","-0.18902496993541718","-0.18902496993541718"
"5931","-0.18913334608078003","-0.18913334608078003","-0.18913334608078003"
"5955","-0.18709078431129456","-0.18709078431129456","-0.18709078431129456"
"5979","-0.18848346173763275","-0.18848346173763275","-0.18848346173763275"
"6003","-0.18970632553100586","-0.18970632553100586","-0.18970632553100586"
"6027","-0.19132797420024872","-0.19132797420024872","-0.19132797420024872"
"6051","-0.19296576082706451","-0.19296576082706451","-0.19296576082706451"
"6075","-0.19102516770362854","-0.19102516770362854","-0.19102516770362854"
"6099","-0.18982018530368805","-0.18982018530368805","-0.18982018530368805"
"6123","-0.18925276398658752","-0.18925276398658752","-0.18925276398658752"
"6147","-0.18622344732284546","-0.18622344732284546","-0.18622344732284546"
"6171","-0.18693691492080688","-0.18693691492080688","-0.18693691492080688"
"6195","-0.18974074721336365","-0.18974074721336365","-0.18974074721336365"
"6219","-0.1888929158449173","-0.1888929158449173","-0.1888929158449173"
"6243","-0.18812474608421326","-0.18812474608421326","-0.18812474608421326"
"6267","-0.18700248003005981","-0.18700248003005981","-0.18700248003005981"
"6291","-0.18619045615196228","-0.18619045615196228","-0.18619045615196228"
"6315","-0.18725045025348663","-0.18725045025348663","-0.18725045025348663"
"6339","-0.18738360702991486","-0.18738360702991486","-0.18738360702991486"
"6363","-0.18758760392665863","-0.18758760392665863","-0.18758760392665863"
"6387","-0.18600302934646606","-0.18600302934646606","-0.18600302934646606"
"6411","-0.18447448313236237","-0.18447448313236237","-0.18447448313236237"
"6435","-0.18452872335910797","-0.18452872335910797","-0.18452872335910797"
"6459","-0.1870570331811905","-0.1870570331811905","-0.1870570331811905"
"6483","-0.1835939735174179","-0.1835939735174179","-0.1835939735174179"
"6507","-0.183864563703537","-0.183864563703537","-0.183864563703537"
"6531","-0.1821882426738739","-0.1821882426738739","-0.1821882426738739"
"6555","-0.18228591978549957","-0.18228591978549957","-0.18228591978549957"
"6579","-0.1853233426809311","-0.1853233426809311","-0.1853233426809311"
"6603","-0.18651923537254333","-0.18651923537254333","-0.18651923537254333"
"6627","-0.18719394505023956","-0.18719394505023956","-0.18719394505023956"
"6650","-0.19455169141292572","-0.19455169141292572","-0.19455169141292572"
"6674","-0.19446629285812378","-0.19446629285812378","-0.19446629285812378"
"6698","-0.19283096492290497","-0.19283096492290497","-0.19283096492290497"
"6722","-0.18813595175743103","-0.18813595175743103","-0.18813595175743103"
"6746","-0.1893741339445114","-0.1893741339445114","-0.1893741339445114"
"6770","-0.187825009226799","-0.187825009226799","-0.187825009226799"
"6794","-0.18759983777999878","-0.18759983777999878","-0.18759983777999878"
"6818","-0.1884997934103012","-0.1884997934103012","-0.1884997934103012"
"6842","-0.1908951997756958","-0.1908951997756958","-0.1908951997756958"
"6866","-0.19010640680789948","-0.19010640680789948","-0.19010640680789948"
"6890","-0.18728116154670715","-0.18728116154670715","-0.18728116154670715"
"6914","-0.18923230469226837","-0.18923230469226837","-0.18923230469226837"
"6938","-0.1906406432390213","-0.1906406432390213","-0.1906406432390213"
"6962","-0.19321469962596893","-0.19321469962596893","-0.19321469962596893"
"6986","-0.19787150621414185","-0.19787150621414185","-0.19787150621414185"
"7010","-0.19864903390407562","-0.19864903390407562","-0.19864903390407562"
"7034","-0.19509023427963257","-0.19509023427963257","-0.19509023427963257"
"7058","-0.19413058459758759","-0.19413058459758759","-0.19413058459758759"
"7082","-0.19375824928283691","-0.19375824928283691","-0.19375824928283691"
"7106","-0.19650202989578247","-0.19650202989578247","-0.19650202989578247"
"7130","-0.19432960450649261","-0.19432960450649261","-0.19432960450649261"
"7154","-0.1938023865222931","-0.1938023865222931","-0.1938023865222931"
"7178","-0.19378423690795898","-0.19378423690795898","-0.19378423690795898"
"7202","-0.19220459461212158","-0.19220459461212158","-0.19220459461212158"
"7226","-0.1943691521883011","-0.1943691521883011","-0.1943691521883011"
"7250","-0.197318434715271","-0.197318434715271","-0.197318434715271"
"7274","-0.19817806780338287","-0.19817806780338287","-0.19817806780338287"
"7298","-0.19618819653987885","-0.19618819653987885","-0.19618819653987885"
"7322","-0.2000495046377182","-0.2000495046377182","-0.2000495046377182"
"7346","-0.20115801692008972","-0.20115801692008972","-0.20115801692008972"
"7370","-0.2014761120080948","-0.2014761120080948","-0.2014761120080948"
"7394","-0.20134857296943665","-0.20134857296943665","-0.20134857296943665"
"7418","-0.19989769160747528","-0.19989769160747528","-0.19989769160747528"
"7442","-0.19811004400253296","-0.19811004400253296","-0.19811004400253296"
"7466","-0.19893969595432281","-0.19893969595432281","-0.19893969595432281"
"7490","-0.197665736079216","-0.197665736079216","-0.197665736079216"
"7514","-0.19692005217075348","-0.19692005217075348","-0.19692005217075348"
"7538","-0.19939826428890228","-0.19939826428890228","-0.19939826428890228"
"7562","-0.2003248631954193","-0.2003248631954193","-0.2003248631954193"
"7586","-0.19972139596939087","-0.19972139596939087","-0.19972139596939087"
"7610","-0.19775453209877014","-0.19775453209877014","-0.19775453209877014"
"7634","-0.19927287101745605","-0.19927287101745605","-0.19927287101745605"
"7658","-0.20000998675823212","-0.20000998675823212","-0.20000998675823212"
"7682","-0.2027723640203476","-0.2027723640203476","-0.2027723640203476"
"7706","-0.20153717696666718","-0.20153717696666718","-0.20153717696666718"
"7730","-0.2012714147567749","-0.2012714147567749","-0.2012714147567749"
"7754","-0.2008075714111328","-0.2008075714111328","-0.2008075714111328"
"7778","-0.2019042819738388","-0.2019042819738388","-0.2019042819738388"
"7802","-0.19837740063667297","-0.19837740063667297","-0.19837740063667297"
"7826","-0.19652944803237915","-0.19652944803237915","-0.19652944803237915"
"7850","-0.19565416872501373","-0.19565416872501373","-0.19565416872501373"
"7874","-0.2004343569278717","-0.2004343569278717","-0.2004343569278717"
"7898","-0.20234201848506927","-0.20234201848506927","-0.20234201848506927"
"7922","-0.2017902284860611","-0.2017902284860611","-0.2017902284860611"
"7946","-0.20136232674121857","-0.20136232674121857","-0.20136232674121857"
"7970","-0.19887448847293854","-0.19887448847293854","-0.19887448847293854"
"7994","-0.1993648111820221","-0.1993648111820221","-0.1993648111820221"
"8018","-0.1971333771944046","-0.1971333771944046","-0.1971333771944046"
"8042","-0.19629508256912231","-0.19629508256912231","-0.19629508256912231"
"8066","-0.19822634756565094","-0.19822634756565094","-0.19822634756565094"
"8090","-0.1991117000579834","-0.1991117000579834","-0.1991117000579834"
"8114","-0.19898371398448944","-0.19898371398448944","-0.19898371398448944"
"8138","-0.1992076188325882","-0.1992076188325882","-0.1992076188325882"
"8162","-0.19922012090682983","-0.19922012090682983","-0.19922012090682983"
"8186","-0.1983642578125","-0.1983642578125","-0.1983642578125"
"8210","-0.19669990241527557","-0.19669990241527557","-0.19669990241527557"
"8234","-0.19752457737922668","-0.19752457737922668","-0.19752457737922668"
"8258","-0.19787228107452393","-0.19787228107452393","-0.19787228107452393"
"8282","-0.19911807775497437","-0.19911807775497437","-0.19911807775497437"
"8306","-0.19965137541294098","-0.19965137541294098","-0.19965137541294098"
"8330","-0.2004997432231903","-0.2004997432231903","-0.2004997432231903"
"8354","-0.20227712392807007","-0.20227712392807007","-0.20227712392807007"
"8378","-0.20435172319412231","-0.20435172319412231","-0.20435172319412231"
"8402","-0.2055237591266632","-0.2055237591266632","-0.2055237591266632"
"8426","-0.2051439881324768","-0.2051439881324768","-0.2051439881324768"
"8450","-0.20429834723472595","-0.20429834723472595","-0.20429834723472595"
"8474","-0.20035603642463684","-0.20035603642463684","-0.20035603642463684"
"8498","-0.19981889426708221","-0.19981889426708221","-0.19981889426708221"
"8522","-0.20195485651493073","-0.20195485651493073","-0.20195485651493073"
"8546","-0.20101775228977203","-0.20101775228977203","-0.20101775228977203"
"8570","-0.20130555331707","-0.20130555331707","-0.20130555331707"
"8594","-0.20291785895824432","-0.20291785895824432","-0.20291785895824432"
"8618","-0.20207133889198303","-0.20207133889198303","-0.20207133889198303"
"8642","-0.20019546151161194","-0.20019546151161194","-0.20019546151161194"
"8666","-0.20110101997852325","-0.20110101997852325","-0.20110101997852325"
"8690","-0.2001209408044815","-0.2001209408044815","-0.2001209408044815"
"8714","-0.1995244026184082","-0.1995244026184082","-0.1995244026184082"
"8738","-0.19824902713298798","-0.19824902713298798","-0.19824902713298798"
"8762","-0.19838926196098328","-0.19838926196098328","-0.19838926196098328"
"8786","-0.19633176922798157","-0.19633176922798157","-0.19633176922798157"
"8810","-0.19443157315254211","-0.19443157315254211","-0.19443157315254211"
"8834","-0.19044047594070435","-0.19044047594070435","-0.19044047594070435"
"8858","-0.1923215240240097","-0.1923215240240097","-0.1923215240240097"
"8882","-0.19319108128547668","-0.19319108128547668","-0.19319108128547668"
"8906","-0.19264064729213715","-0.19264064729213715","-0.19264064729213715"
"8930","-0.19423821568489075","-0.19423821568489075","-0.19423821568489075"
"8954","-0.19438229501247406","-0.19438229501247406","-0.19438229501247406"
"8978","-0.19700056314468384","-0.19700056314468384","-0.19700056314468384"
"9002","-0.1986556202173233","-0.1986556202173233","-0.1986556202173233"
"9026","-0.19761179387569427","-0.19761179387569427","-0.19761179387569427"
"9050","-0.19799678027629852","-0.19799678027629852","-0.19799678027629852"
"9074","-0.20065106451511383","-0.20065106451511383","-0.20065106451511383"
"9098","-0.19965887069702148","-0.19965887069702148","-0.19965887069702148"
"9122","-0.20072677731513977","-0.20072677731513977","-0.20072677731513977"
"9146","-0.19911742210388184","-0.19911742210388184","-0.19911742210388184"
"9170","-0.1995253562927246","-0.1995253562927246","-0.1995253562927246"
"9194","-0.20010413229465485","-0.20010413229465485","-0.20010413229465485"
"9218","-0.19960878789424896","-0.19960878789424896","-0.19960878789424896"
"9242","-0.19979968667030334","-0.19979968667030334","-0.19979968667030334"
"9266","-0.19968834519386292","-0.19968834519386292","-0.19968834519386292"
"9290","-0.20040462911128998","-0.20040462911128998","-0.20040462911128998"
"9314","-0.19918487966060638","-0.19918487966060638","-0.19918487966060638"
"9338","-0.20019574463367462","-0.20019574463367462","-0.20019574463367462"
"9362","-0.19905580580234528","-0.19905580580234528","-0.19905580580234528"
"9386","-0.19870854914188385","-0.19870854914188385","-0.19870854914188385"
"9410","-0.19976748526096344","-0.19976748526096344","-0.19976748526096344"
"9434","-0.19866573810577393","-0.19866573810577393","-0.19866573810577393"
"9458","-0.19894295930862427","-0.19894295930862427","-0.19894295930862427"
"9482","-0.19843696057796478","-0.19843696057796478","-0.19843696057796478"
"9506","-0.20054051280021667","-0.20054051280021667","-0.20054051280021667"
"9530","-0.2013145238161087","-0.2013145238161087","-0.2013145238161087"
"9554","-0.2015979140996933","-0.2015979140996933","-0.2015979140996933"
"9578","-0.19904567301273346","-0.19904567301273346","-0.19904567301273346"
"9602","-0.1982199102640152","-0.1982199102640152","-0.1982199102640152"
"9626","-0.1977730393409729","-0.1977730393409729","-0.1977730393409729"
"9650","-0.19935619831085205","-0.19935619831085205","-0.19935619831085205"
"9674","-0.1996338963508606","-0.1996338963508606","-0.1996338963508606"
"9698","-0.20225375890731812","-0.20225375890731812","-0.20225375890731812"
"9722","-0.2037627398967743","-0.2037627398967743","-0.2037627398967743"
"9746","-0.20198112726211548","-0.20198112726211548","-0.20198112726211548"
"9770","-0.2018645852804184","-0.2018645852804184","-0.2018645852804184"
"9794","-0.2018984854221344","-0.2018984854221344","-0.2018984854221344"
"9818","-0.20204521715641022","-0.20204521715641022","-0.20204521715641022"
"9842","-0.20256869494915009","-0.20256869494915009","-0.20256869494915009"
"9866","-0.20239970088005066","-0.20239970088005066","-0.20239970088005066"
"9890","-0.20172227919101715","-0.20172227919101715","-0.20172227919101715"
"9914","-0.19969239830970764","-0.19969239830970764","-0.19969239830970764"
"9938","-0.202317476272583","-0.202317476272583","-0.202317476272583"
"9962","-0.20230083167552948","-0.20230083167552948","-0.20230083167552948"
"9986","-0.2018679678440094","-0.2018679678440094","-0.2018679678440094"
"10010","-0.20025260746479034","-0.20025260746479034","-0.20025260746479034"
"10034","-0.20312580466270447","-0.20312580466270447","-0.20312580466270447"
"10058","-0.20065879821777344","-0.20065879821777344","-0.20065879821777344"
"10082","-0.2008274346590042","-0.2008274346590042","-0.2008274346590042"
"10106","-0.2009684443473816","-0.2009684443473816","-0.2009684443473816"
"10130","-0.20120111107826233","-0.20120111107826233","-0.20120111107826233"
"10154","-0.2029431164264679","-0.2029431164264679","-0.2029431164264679"
"10178","-0.20105670392513275","-0.20105670392513275","-0.20105670392513275"
"10202","-0.2001827210187912","-0.2001827210187912","-0.2001827210187912"
"10226","-0.19913876056671143","-0.19913876056671143","-0.19913876056671143"
"10250","-0.19841501116752625","-0.19841501116752625","-0.19841501116752625"
"10274","-0.19949661195278168","-0.19949661195278168","-0.19949661195278168"
"10298","-0.2023031860589981","-0.2023031860589981","-0.2023031860589981"
"10322","-0.20244279503822327","-0.20244279503822327","-0.20244279503822327"
"10346","-0.2025829553604126","-0.2025829553604126","-0.2025829553604126"
"10370","-0.2008366733789444","-0.2008366733789444","-0.2008366733789444"
"10394","-0.1963975578546524","-0.1963975578546524","-0.1963975578546524"
"10418","-0.1953595131635666","-0.1953595131635666","-0.1953595131635666"
"10442","-0.19845089316368103","-0.19845089316368103","-0.19845089316368103"
"10466","-0.19740816950798035","-0.19740816950798035","-0.19740816950798035"
"10489","-0.19855047762393951","-0.19855047762393951","-0.19855047762393951"
"10513","-0.1982189118862152","-0.1982189118862152","-0.1982189118862152"
"10537","-0.19854159653186798","-0.19854159653186798","-0.19854159653186798"
"10561","-0.19552789628505707","-0.19552789628505707","-0.19552789628505707"
"10585","-0.1968005895614624","-0.1968005895614624","-0.1968005895614624"
"10609","-0.19479310512542725","-0.19479310512542725","-0.19479310512542725"
"10633","-0.19567981362342834","-0.19567981362342834","-0.19567981362342834"
"10657","-0.19368727505207062","-0.19368727505207062","-0.19368727505207062"
"10680","-0.1945352703332901","-0.1945352703332901","-0.1945352703332901"
"10703","-0.19617801904678345","-0.19617801904678345","-0.19617801904678345"
"10726","-0.19712725281715393","-0.19712725281715393","-0.19712725281715393"
"10749","-0.198433056473732","-0.198433056473732","-0.198433056473732"
"10772","-0.19557900726795197","-0.19557900726795197","-0.19557900726795197"
"10795","-0.19426235556602478","-0.19426235556602478","-0.19426235556602478"
"10819","-0.19552557170391083","-0.19552557170391083","-0.19552557170391083"
"10843","-0.19191810488700867","-0.19191810488700867","-0.19191810488700867"
"10866","-0.19147874414920807","-0.19147874414920807","-0.19147874414920807"
"10890","-0.189595565199852","-0.189595565199852","-0.189595565199852"
"10914","-0.18499651551246643","-0.18499651551246643","-0.18499651551246643"
"10938","-0.18460866808891296","-0.18460866808891296","-0.18460866808891296"
"10962","-0.18743889033794403","-0.18743889033794403","-0.18743889033794403"
"10986","-0.18884359300136566","-0.18884359300136566","-0.18884359300136566"
"11010","-0.18741768598556519","-0.18741768598556519","-0.18741768598556519"
"11034","-0.1872677505016327","-0.1872677505016327","-0.1872677505016327"
"11058","-0.18673349916934967","-0.18673349916934967","-0.18673349916934967"
"11081","-0.18560852110385895","-0.18560852110385895","-0.18560852110385895"
"11104","-0.1850506067276001","-0.1850506067276001","-0.1850506067276001"
"11128","-0.18322305381298065","-0.18322305381298065","-0.18322305381298065"
"11152","-0.18403567373752594","-0.18403567373752594","-0.18403567373752594"
"11176","-0.181762233376503","-0.181762233376503","-0.181762233376503"
"11199","-0.18094058334827423","-0.18094058334827423","-0.18094058334827423"
"11223","-0.1839759349822998","-0.1839759349822998","-0.1839759349822998"
"11247","-0.18112041056156158","-0.18112041056156158","-0.18112041056156158"
"11271","-0.18223632872104645","-0.18223632872104645","-0.18223632872104645"
"11294","-0.18168778717517853","-0.18168778717517853","-0.18168778717517853"
"11318","-0.1826578676700592","-0.1826578676700592","-0.1826578676700592"
"11342","-0.18329903483390808","-0.18329903483390808","-0.18329903483390808"
"11365","-0.18101979792118073","-0.18101979792118073","-0.18101979792118073"
"11388","-0.1814715564250946","-0.1814715564250946","-0.1814715564250946"
"11412","-0.17915157973766327","-0.17915157973766327","-0.17915157973766327"
"11436","-0.17824989557266235","-0.17824989557266235","-0.17824989557266235"
"11459","-0.17681856453418732","-0.17681856453418732","-0.17681856453418732"
"11483","-0.17621955275535583","-0.17621955275535583","-0.17621955275535583"
"11507","-0.17977656424045563","-0.17977656424045563","-0.17977656424045563"
"11530","-0.18402698636054993","-0.18402698636054993","-0.18402698636054993"
"11554","-0.18425218760967255","-0.18425218760967255","-0.18425218760967255"
"11578","-0.18106530606746674","-0.18106530606746674","-0.18106530606746674"
"11602","-0.1818355768918991","-0.1818355768918991","-0.1818355768918991"
"11626","-0.18033616244792938","-0.18033616244792938","-0.18033616244792938"
"11650","-0.1785048097372055","-0.1785048097372055","-0.1785048097372055"
"11673","-0.17954134941101074","-0.17954134941101074","-0.17954134941101074"
"11696","-0.18841193616390228","-0.18841193616390228","-0.18841193616390228"
"11719","-0.18566323816776276","-0.18566323816776276","-0.18566323816776276"
"11742","-0.18639515340328217","-0.18639515340328217","-0.18639515340328217"
"11765","-0.18729768693447113","-0.18729768693447113","-0.18729768693447113"
"11788","-0.186288982629776","-0.186288982629776","-0.186288982629776"
"11811","-0.19229945540428162","-0.19229945540428162","-0.19229945540428162"
"11834","-0.19176757335662842","-0.19176757335662842","-0.19176757335662842"
"11857","-0.19049806892871857","-0.19049806892871857","-0.19049806892871857"
"11880","-0.1880168914794922","-0.1880168914794922","-0.1880168914794922"
"11903","-0.18572182953357697","-0.18572182953357697","-0.18572182953357697"
"11927","-0.1813165247440338","-0.1813165247440338","-0.1813165247440338"
"11951","-0.17982815206050873","-0.17982815206050873","-0.17982815206050873"
"11975","-0.17914757132530212","-0.17914757132530212","-0.17914757132530212"
"11999","-0.18001589179039001","-0.18001589179039001","-0.18001589179039001"
"12023","-0.18076516687870026","-0.18076516687870026","-0.18076516687870026"
"12047","-0.18050923943519592","-0.18050923943519592","-0.18050923943519592"
"12071","-0.1751207858324051","-0.1751207858324051","-0.1751207858324051"
"12094","-0.179909810423851","-0.179909810423851","-0.179909810423851"
"12117","-0.18437695503234863","-0.18437695503234863","-0.18437695503234863"
"12140","-0.1766432225704193","-0.1766432225704193","-0.1766432225704193"
"12164","-0.17609822750091553","-0.17609822750091553","-0.17609822750091553"
"12188","-0.1737857162952423","-0.1737857162952423","-0.1737857162952423"
"12212","-0.17419372498989105","-0.17419372498989105","-0.17419372498989105"
"12235","-0.1741378903388977","-0.1741378903388977","-0.1741378903388977"
"12259","-0.17679430544376373","-0.17679430544376373","-0.17679430544376373"
"12283","-0.1772935688495636","-0.1772935688495636","-0.1772935688495636"
"12307","-0.1745188981294632","-0.1745188981294632","-0.1745188981294632"
"12331","-0.17119193077087402","-0.17119193077087402","-0.17119193077087402"
"12355","-0.16922783851623535","-0.16922783851623535","-0.16922783851623535"
"12379","-0.16731791198253632","-0.16731791198253632","-0.16731791198253632"
"12403","-0.16916853189468384","-0.16916853189468384","-0.16916853189468384"
"12427","-0.16744334995746613","-0.16744334995746613","-0.16744334995746613"
"12451","-0.16978076100349426","-0.16978076100349426","-0.16978076100349426"
"12475","-0.16738031804561615","-0.16738031804561615","-0.16738031804561615"
"12499","-0.16711771488189697","-0.16711771488189697","-0.16711771488189697"
"12523","-0.1650211662054062","-0.1650211662054062","-0.1650211662054062"
"12547","-0.16588442027568817","-0.16588442027568817","-0.16588442027568817"
"12571","-0.1681678593158722","-0.1681678593158722","-0.1681678593158722"
"12595","-0.16955170035362244","-0.16955170035362244","-0.16955170035362244"
"12619","-0.16717876493930817","-0.16717876493930817","-0.16717876493930817"
"12643","-0.16854949295520782","-0.16854949295520782","-0.16854949295520782"
"12667","-0.16886062920093536","-0.16886062920093536","-0.16886062920093536"
"12691","-0.16487759351730347","-0.16487759351730347","-0.16487759351730347"
"12715","-0.16065703332424164","-0.16065703332424164","-0.16065703332424164"
"12739","-0.1626669019460678","-0.1626669019460678","-0.1626669019460678"
"12763","-0.16003745794296265","-0.16003745794296265","-0.16003745794296265"
"12787","-0.16021576523780823","-0.16021576523780823","-0.16021576523780823"
"12811","-0.16123366355895996","-0.16123366355895996","-0.16123366355895996"
"12835","-0.1595006138086319","-0.1595006138086319","-0.1595006138086319"
"12859","-0.15862725675106049","-0.15862725675106049","-0.15862725675106049"
"12883","-0.1603972464799881","-0.1603972464799881","-0.1603972464799881"
"12907","-0.15946058928966522","-0.15946058928966522","-0.15946058928966522"
"12931","-0.15670336782932281","-0.15670336782932281","-0.15670336782932281"
"12955","-0.1564539521932602","-0.1564539521932602","-0.1564539521932602"
"12979","-0.15779106318950653","-0.15779106318950653","-0.15779106318950653"
"13003","-0.15992102026939392","-0.15992102026939392","-0.15992102026939392"
"13027","-0.15846143662929535","-0.15846143662929535","-0.15846143662929535"
"13051","-0.15871481597423553","-0.15871481597423553","-0.15871481597423553"
"13075","-0.1560981422662735","-0.1560981422662735","-0.1560981422662735"
"13099","-0.1568939983844757","-0.1568939983844757","-0.1568939983844757"
"13123","-0.1551457941532135","-0.1551457941532135","-0.1551457941532135"
"13147","-0.15902630984783173","-0.15902630984783173","-0.15902630984783173"
"13171","-0.16186560690402985","-0.16186560690402985","-0.16186560690402985"
"13195","-0.15791572630405426","-0.15791572630405426","-0.15791572630405426"
"13219","-0.15858657658100128","-0.15858657658100128","-0.15858657658100128"
"13243","-0.15835325419902802","-0.15835325419902802","-0.15835325419902802"
"13267","-0.15907643735408783","-0.15907643735408783","-0.15907643735408783"
"13291","-0.16302543878555298","-0.16302543878555298","-0.16302543878555298"
"13315","-0.16339918971061707","-0.16339918971061707","-0.16339918971061707"
"13338","-0.16564209759235382","-0.16564209759235382","-0.16564209759235382"
"13362","-0.163897305727005","-0.163897305727005","-0.163897305727005"
"13386","-0.16014525294303894","-0.16014525294303894","-0.16014525294303894"
"13410","-0.16138356924057007","-0.16138356924057007","-0.16138356924057007"
"13434","-0.1599881500005722","-0.1599881500005722","-0.1599881500005722"
"13458","-0.16334353387355804","-0.16334353387355804","-0.16334353387355804"
"13482","-0.1619621068239212","-0.1619621068239212","-0.1619621068239212"
"13506","-0.15997548401355743","-0.15997548401355743","-0.15997548401355743"
"13530","-0.15897950530052185","-0.15897950530052185","-0.15897950530052185"
"13554","-0.1607048362493515","-0.1607048362493515","-0.1607048362493515"
"13578","-0.15698298811912537","-0.15698298811912537","-0.15698298811912537"
"13602","-0.15672220289707184","-0.15672220289707184","-0.15672220289707184"
"13626","-0.15633177757263184","-0.15633177757263184","-0.15633177757263184"
"13650","-0.15514148771762848","-0.15514148771762848","-0.15514148771762848"
"13674","-0.15545868873596191","-0.15545868873596191","-0.15545868873596191"
"13698","-0.15418046712875366","-0.15418046712875366","-0.15418046712875366"
"13722","-0.15707191824913025","-0.15707191824913025","-0.15707191824913025"
"13746","-0.15696419775485992","-0.15696419775485992","-0.15696419775485992"
"13770","-0.15419015288352966","-0.15419015288352966","-0.15419015288352966"
"13794","-0.15336409211158752","-0.15336409211158752","-0.15336409211158752"
"13818","-0.15396417677402496","-0.15396417677402496","-0.15396417677402496"
"13842","-0.15407627820968628","-0.15407627820968628","-0.15407627820968628"
"13866","-0.15394863486289978","-0.15394863486289978","-0.15394863486289978"
"13890","-0.15557949244976044","-0.15557949244976044","-0.15557949244976044"
"13914","-0.15580356121063232","-0.15580356121063232","-0.15580356121063232"
"13938","-0.1550203561782837","-0.1550203561782837","-0.1550203561782837"
"13962","-0.15587541460990906","-0.15587541460990906","-0.15587541460990906"
"13986","-0.15861032903194427","-0.15861032903194427","-0.15861032903194427"
"14010","-0.15557703375816345","-0.15557703375816345","-0.15557703375816345"
"14034","-0.1589650958776474","-0.1589650958776474","-0.1589650958776474"
"14058","-0.15897110104560852","-0.15897110104560852","-0.15897110104560852"
"14082","-0.15796251595020294","-0.15796251595020294","-0.15796251595020294"
"14106","-0.15683573484420776","-0.15683573484420776","-0.15683573484420776"
"14130","-0.1566476672887802","-0.1566476672887802","-0.1566476672887802"
"14154","-0.15618595480918884","-0.15618595480918884","-0.15618595480918884"
"14178","-0.15742120146751404","-0.15742120146751404","-0.15742120146751404"
"14202","-0.15770986676216125","-0.15770986676216125","-0.15770986676216125"
"14226","-0.15400384366512299","-0.15400384366512299","-0.15400384366512299"
"14250","-0.16025319695472717","-0.16025319695472717","-0.16025319695472717"
"14274","-0.1591828316450119","-0.1591828316450119","-0.1591828316450119"
"14298","-0.15954457223415375","-0.15954457223415375","-0.15954457223415375"
"14322","-0.16080650687217712","-0.16080650687217712","-0.16080650687217712"
"14346","-0.1571599245071411","-0.1571599245071411","-0.1571599245071411"
"14370","-0.15662309527397156","-0.15662309527397156","-0.15662309527397156"
"14394","-0.15769454836845398","-0.15769454836845398","-0.15769454836845398"
"14418","-0.1600128561258316","-0.1600128561258316","-0.1600128561258316"
"14442","-0.1642240732908249","-0.1642240732908249","-0.1642240732908249"
"14466","-0.1610434651374817","-0.1610434651374817","-0.1610434651374817"
"14490","-0.16344887018203735","-0.16344887018203735","-0.16344887018203735"
"14514","-0.161973774433136","-0.161973774433136","-0.161973774433136"
"14538","-0.16240721940994263","-0.16240721940994263","-0.16240721940994263"
"14562","-0.16445165872573853","-0.16445165872573853","-0.16445165872573853"
"14586","-0.16438165307044983","-0.16438165307044983","-0.16438165307044983"
"14610","-0.16402004659175873","-0.16402004659175873","-0.16402004659175873"
"14634","-0.16754570603370667","-0.16754570603370667","-0.16754570603370667"
"14658","-0.16596275568008423","-0.16596275568008423","-0.16596275568008423"
"14682","-0.16579842567443848","-0.16579842567443848","-0.16579842567443848"
"14706","-0.16504545509815216","-0.16504545509815216","-0.16504545509815216"
"14730","-0.16497036814689636","-0.16497036814689636","-0.16497036814689636"
"14754","-0.1671733409166336","-0.1671733409166336","-0.1671733409166336"
"14778","-0.16712844371795654","-0.16712844371795654","-0.16712844371795654"
"14802","-0.16776354610919952","-0.16776354610919952","-0.16776354610919952"
"14826","-0.16450341045856476","-0.16450341045856476","-0.16450341045856476"
"14850","-0.164865180850029","-0.164865180850029","-0.164865180850029"
"14874","-0.16449964046478271","-0.16449964046478271","-0.16449964046478271"
"14898","-0.1617436707019806","-0.1617436707019806","-0.1617436707019806"
"14922","-0.15988212823867798","-0.15988212823867798","-0.15988212823867798"
"14946","-0.16228556632995605","-0.16228556632995605","-0.16228556632995605"
"14970","-0.16251420974731445","-0.16251420974731445","-0.16251420974731445"
"14994","-0.1635122001171112","-0.1635122001171112","-0.1635122001171112"
"15018","-0.1608593761920929","-0.1608593761920929","-0.1608593761920929"
"15042","-0.1617547869682312","-0.1617547869682312","-0.1617547869682312"
"15066","-0.16175530850887299","-0.16175530850887299","-0.16175530850887299"
"15090","-0.1615925133228302","-0.1615925133228302","-0.1615925133228302"
"15114","-0.16026370227336884","-0.16026370227336884","-0.16026370227336884"
"15138","-0.16114924848079681","-0.16114924848079681","-0.16114924848079681"
"15162","-0.15934905409812927","-0.15934905409812927","-0.15934905409812927"
"15186","-0.15965336561203003","-0.15965336561203003","-0.15965336561203003"
"15210","-0.16122926771640778","-0.16122926771640778","-0.16122926771640778"
"15234","-0.16014230251312256","-0.16014230251312256","-0.16014230251312256"
"15258","-0.15966956317424774","-0.15966956317424774","-0.15966956317424774"
"15282","-0.15822885930538177","-0.15822885930538177","-0.15822885930538177"
"15306","-0.1598578244447708","-0.1598578244447708","-0.1598578244447708"
"15330","-0.16174747049808502","-0.16174747049808502","-0.16174747049808502"
"15354","-0.1615060418844223","-0.1615060418844223","-0.1615060418844223"
"15378","-0.16071420907974243","-0.16071420907974243","-0.16071420907974243"
"15402","-0.1615067720413208","-0.1615067720413208","-0.1615067720413208"
"15426","-0.15884873270988464","-0.15884873270988464","-0.15884873270988464"
"15450","-0.16090893745422363","-0.16090893745422363","-0.16090893745422363"
"15474","-0.15999040007591248","-0.15999040007591248","-0.15999040007591248"
"15498","-0.159316748380661","-0.159316748380661","-0.159316748380661"
"15522","-0.16019105911254883","-0.16019105911254883","-0.16019105911254883"
"15546","-0.15828418731689453","-0.15828418731689453","-0.15828418731689453"
"15570","-0.1586301326751709","-0.1586301326751709","-0.1586301326751709"
"15594","-0.16067135334014893","-0.16067135334014893","-0.16067135334014893"
"15618","-0.16368219256401062","-0.16368219256401062","-0.16368219256401062"
"15642","-0.16367043554782867","-0.16367043554782867","-0.16367043554782867"
"15666","-0.1653616577386856","-0.1653616577386856","-0.1653616577386856"
"15690","-0.1662813425064087","-0.1662813425064087","-0.1662813425064087"
"15714","-0.16788803040981293","-0.16788803040981293","-0.16788803040981293"
"15738","-0.16873914003372192","-0.16873914003372192","-0.16873914003372192"
"15762","-0.16842074692249298","-0.16842074692249298","-0.16842074692249298"
"15786","-0.16713429987430573","-0.16713429987430573","-0.16713429987430573"
"15810","-0.16829900443553925","-0.16829900443553925","-0.16829900443553925"
"15834","-0.16822227835655212","-0.16822227835655212","-0.16822227835655212"
"15858","-0.16881372034549713","-0.16881372034549713","-0.16881372034549713"
"15882","-0.16698306798934937","-0.16698306798934937","-0.16698306798934937"
"15906","-0.16807281970977783","-0.16807281970977783","-0.16807281970977783"
"15930","-0.16790452599525452","-0.16790452599525452","-0.16790452599525452"
"15954","-0.16787075996398926","-0.16787075996398926","-0.16787075996398926"
"15978","-0.1677592396736145","-0.1677592396736145","-0.1677592396736145"
"16002","-0.1692972332239151","-0.1692972332239151","-0.1692972332239151"
"16026","-0.16912458837032318","-0.16912458837032318","-0.16912458837032318"
"16050","-0.16983343660831451","-0.16983343660831451","-0.16983343660831451"
"16074","-0.16872787475585938","-0.16872787475585938","-0.16872787475585938"
"16098","-0.1667853742837906","-0.1667853742837906","-0.1667853742837906"
"16122","-0.1669139266014099","-0.1669139266014099","-0.1669139266014099"
"16146","-0.1664847880601883","-0.1664847880601883","-0.1664847880601883"
"16170","-0.16755245625972748","-0.16755245625972748","-0.16755245625972748"
"16194","-0.16708609461784363","-0.16708609461784363","-0.16708609461784363"
"16218","-0.1660122126340866","-0.1660122126340866","-0.1660122126340866"
"16242","-0.16492854058742523","-0.16492854058742523","-0.16492854058742523"
"16266","-0.1666802167892456","-0.1666802167892456","-0.1666802167892456"
"16290","-0.1656215935945511","-0.1656215935945511","-0.1656215935945511"
"16314","-0.1651550531387329","-0.1651550531387329","-0.1651550531387329"
"16338","-0.16705322265625","-0.16705322265625","-0.16705322265625"
"16362","-0.1661001741886139","-0.1661001741886139","-0.1661001741886139"
"16386","-0.1664721667766571","-0.1664721667766571","-0.1664721667766571"
"16410","-0.16435912251472473","-0.16435912251472473","-0.16435912251472473"
"16434","-0.16389945149421692","-0.16389945149421692","-0.16389945149421692"
"16458","-0.16325832903385162","-0.16325832903385162","-0.16325832903385162"
"16482","-0.16328299045562744","-0.16328299045562744","-0.16328299045562744"
"16506","-0.16158533096313477","-0.16158533096313477","-0.16158533096313477"
"16530","-0.16012616455554962","-0.16012616455554962","-0.16012616455554962"
"16554","-0.16145703196525574","-0.16145703196525574","-0.16145703196525574"
"16578","-0.16100148856639862","-0.16100148856639862","-0.16100148856639862"
"16602","-0.1582636684179306","-0.1582636684179306","-0.1582636684179306"
"16626","-0.1591149866580963","-0.1591149866580963","-0.1591149866580963"
"16650","-0.1590365469455719","-0.1590365469455719","-0.1590365469455719"
"16674","-0.15873600542545319","-0.15873600542545319","-0.15873600542545319"
"16698","-0.16120518743991852","-0.16120518743991852","-0.16120518743991852"
"16722","-0.15917401015758514","-0.15917401015758514","-0.15917401015758514"
"16746","-0.1610618233680725","-0.1610618233680725","-0.1610618233680725"
"16770","-0.15978875756263733","-0.15978875756263733","-0.15978875756263733"
"16794","-0.16104672849178314","-0.16104672849178314","-0.16104672849178314"
"16818","-0.16090035438537598","-0.16090035438537598","-0.16090035438537598"
"16842","-0.1590171903371811","-0.1590171903371811","-0.1590171903371811"
"16866","-0.16002178192138672","-0.16002178192138672","-0.16002178192138672"
"16890","-0.16200916469097137","-0.16200916469097137","-0.16200916469097137"
"16914","-0.16286292672157288","-0.16286292672157288","-0.16286292672157288"
"16938","-0.162558913230896","-0.162558913230896","-0.162558913230896"
"16962","-0.16291087865829468","-0.16291087865829468","-0.16291087865829468"
"16986","-0.1633254885673523","-0.1633254885673523","-0.1633254885673523"
"17010","-0.16426753997802734","-0.16426753997802734","-0.16426753997802734"
"17034","-0.1631026268005371","-0.1631026268005371","-0.1631026268005371"
"17058","-0.16232959926128387","-0.16232959926128387","-0.16232959926128387"
"17082","-0.16117359697818756","-0.16117359697818756","-0.16117359697818756"
"17106","-0.16222022473812103","-0.16222022473812103","-0.16222022473812103"
"17130","-0.16294251382350922","-0.16294251382350922","-0.16294251382350922"
"17154","-0.16019685566425323","-0.16019685566425323","-0.16019685566425323"