"Step","obs_add_history_seed2/12-07_01-04 - train/stats.tracking_error_xy","obs_add_history_seed2/12-07_01-04 - train/stats.tracking_error_xy__MIN","obs_add_history_seed2/12-07_01-04 - train/stats.tracking_error_xy__MAX"
"1","-0.32998430728912354","-0.32998430728912354","-0.32998430728912354"
"2","-0.32017916440963745","-0.32017916440963745","-0.32017916440963745"
"3","-0.3238416314125061","-0.3238416314125061","-0.3238416314125061"
"4","-0.327364981174469","-0.327364981174469","-0.327364981174469"
"5","-0.3319973647594452","-0.3319973647594452","-0.3319973647594452"
"7","-0.33466997742652893","-0.33466997742652893","-0.33466997742652893"
"9","-0.343222051858902","-0.343222051858902","-0.343222051858902"
"11","-0.36035609245300293","-0.36035609245300293","-0.36035609245300293"
"13","-0.3763315975666046","-0.3763315975666046","-0.3763315975666046"
"15","-0.3937125504016876","-0.3937125504016876","-0.3937125504016876"
"17","-0.4131711423397064","-0.4131711423397064","-0.4131711423397064"
"20","-0.4309368431568146","-0.4309368431568146","-0.4309368431568146"
"43","-0.37874066829681396","-0.37874066829681396","-0.37874066829681396"
"67","-0.14493505656719208","-0.14493505656719208","-0.14493505656719208"
"91","-0.10190949589014053","-0.10190949589014053","-0.10190949589014053"
"115","-0.08406566828489304","-0.08406566828489304","-0.08406566828489304"
"139","-0.0832575187087059","-0.0832575187087059","-0.0832575187087059"
"163","-0.08425173908472061","-0.08425173908472061","-0.08425173908472061"
"187","-0.09044823795557022","-0.09044823795557022","-0.09044823795557022"
"211","-0.08988535404205322","-0.08988535404205322","-0.08988535404205322"
"235","-0.08234944194555283","-0.08234944194555283","-0.08234944194555283"
"257","-0.1627660095691681","-0.1627660095691681","-0.1627660095691681"
"279","-0.1828932762145996","-0.1828932762145996","-0.1828932762145996"
"301","-0.17578290402889252","-0.17578290402889252","-0.17578290402889252"
"323","-0.1525397151708603","-0.1525397151708603","-0.1525397151708603"
"345","-0.13023138046264648","-0.13023138046264648","-0.13023138046264648"
"353","-0.15551628172397614","-0.15551628172397614","-0.15551628172397614"
"372","-0.24427784979343414","-0.24427784979343414","-0.24427784979343414"
"379","-0.20165108144283295","-0.20165108144283295","-0.20165108144283295"
"399","-0.19702231884002686","-0.19702231884002686","-0.19702231884002686"
"419","-0.20106640458106995","-0.20106640458106995","-0.20106640458106995"
"427","-0.18270982801914215","-0.18270982801914215","-0.18270982801914215"
"446","-0.1760043203830719","-0.1760043203830719","-0.1760043203830719"
"467","-0.14398053288459778","-0.14398053288459778","-0.14398053288459778"
"489","-0.09519117325544357","-0.09519117325544357","-0.09519117325544357"
"512","-0.0723043829202652","-0.0723043829202652","-0.0723043829202652"
"535","-0.06880023330450058","-0.06880023330450058","-0.06880023330450058"
"549","-0.11355412006378174","-0.11355412006378174","-0.11355412006378174"
"564","-0.23737198114395142","-0.23737198114395142","-0.23737198114395142"
"567","-0.22426773607730865","-0.22426773607730865","-0.22426773607730865"
"569","-0.23050814867019653","-0.23050814867019653","-0.23050814867019653"
"571","-0.2393178790807724","-0.2393178790807724","-0.2393178790807724"
"573","-0.24511943757534027","-0.24511943757534027","-0.24511943757534027"
"575","-0.2351214587688446","-0.2351214587688446","-0.2351214587688446"
"579","-0.27136820554733276","-0.27136820554733276","-0.27136820554733276"
"591","-0.2722044289112091","-0.2722044289112091","-0.2722044289112091"
"600","-0.21830913424491882","-0.21830913424491882","-0.21830913424491882"
"611","-0.2745280861854553","-0.2745280861854553","-0.2745280861854553"
"626","-0.18385371565818787","-0.18385371565818787","-0.18385371565818787"
"639","-0.2766706049442291","-0.2766706049442291","-0.2766706049442291"
"658","-0.13462471961975098","-0.13462471961975098","-0.13462471961975098"
"679","-0.11365776509046555","-0.11365776509046555","-0.11365776509046555"
"701","-0.08939658850431442","-0.08939658850431442","-0.08939658850431442"
"722","-0.11509137600660324","-0.11509137600660324","-0.11509137600660324"
"745","-0.09874501079320908","-0.09874501079320908","-0.09874501079320908"
"768","-0.08649923652410507","-0.08649923652410507","-0.08649923652410507"
"790","-0.0925813540816307","-0.0925813540816307","-0.0925813540816307"
"813","-0.0784153938293457","-0.0784153938293457","-0.0784153938293457"
"836","-0.07399281114339828","-0.07399281114339828","-0.07399281114339828"
"860","-0.06921631842851639","-0.06921631842851639","-0.06921631842851639"
"884","-0.06477449834346771","-0.06477449834346771","-0.06477449834346771"
"908","-0.061668913811445236","-0.061668913811445236","-0.061668913811445236"
"931","-0.058493420481681824","-0.058493420481681824","-0.058493420481681824"
"954","-0.07115095108747482","-0.07115095108747482","-0.07115095108747482"
"977","-0.07534981518983841","-0.07534981518983841","-0.07534981518983841"
"1001","-0.0676492378115654","-0.0676492378115654","-0.0676492378115654"
"1025","-0.06215400993824005","-0.06215400993824005","-0.06215400993824005"
"1037","-0.16716256737709045","-0.16716256737709045","-0.16716256737709045"
"1052","-0.2322210669517517","-0.2322210669517517","-0.2322210669517517"
"1063","-0.1833130121231079","-0.1833130121231079","-0.1833130121231079"
"1084","-0.14557190239429474","-0.14557190239429474","-0.14557190239429474"
"1107","-0.12475647777318954","-0.12475647777318954","-0.12475647777318954"
"1125","-0.16349256038665771","-0.16349256038665771","-0.16349256038665771"
"1143","-0.11763335019350052","-0.11763335019350052","-0.11763335019350052"
"1165","-0.10809459537267685","-0.10809459537267685","-0.10809459537267685"
"1187","-0.10225576162338257","-0.10225576162338257","-0.10225576162338257"
"1209","-0.10359061509370804","-0.10359061509370804","-0.10359061509370804"
"1231","-0.09524648636579514","-0.09524648636579514","-0.09524648636579514"
"1249","-0.13369467854499817","-0.13369467854499817","-0.13369467854499817"
"1266","-0.15169018507003784","-0.15169018507003784","-0.15169018507003784"
"1282","-0.14742957055568695","-0.14742957055568695","-0.14742957055568695"
"1299","-0.15156027674674988","-0.15156027674674988","-0.15156027674674988"
"1313","-0.14874713122844696","-0.14874713122844696","-0.14874713122844696"
"1327","-0.18259261548519135","-0.18259261548519135","-0.18259261548519135"
"1344","-0.143184632062912","-0.143184632062912","-0.143184632062912"
"1364","-0.12246546149253845","-0.12246546149253845","-0.12246546149253845"
"1385","-0.11042576283216476","-0.11042576283216476","-0.11042576283216476"
"1407","-0.10707654803991318","-0.10707654803991318","-0.10707654803991318"
"1430","-0.10492993891239166","-0.10492993891239166","-0.10492993891239166"
"1453","-0.09804325550794601","-0.09804325550794601","-0.09804325550794601"
"1475","-0.09012190252542496","-0.09012190252542496","-0.09012190252542496"
"1497","-0.08566056936979294","-0.08566056936979294","-0.08566056936979294"
"1519","-0.08209045231342316","-0.08209045231342316","-0.08209045231342316"
"1541","-0.0835113450884819","-0.0835113450884819","-0.0835113450884819"
"1553","-0.2176746129989624","-0.2176746129989624","-0.2176746129989624"
"1563","-0.2901116609573364","-0.2901116609573364","-0.2901116609573364"
"1579","-0.20244832336902618","-0.20244832336902618","-0.20244832336902618"
"1602","-0.09269590675830841","-0.09269590675830841","-0.09269590675830841"
"1625","-0.1015191599726677","-0.1015191599726677","-0.1015191599726677"
"1648","-0.08722295612096786","-0.08722295612096786","-0.08722295612096786"
"1671","-0.07628557085990906","-0.07628557085990906","-0.07628557085990906"
"1693","-0.08284150809049606","-0.08284150809049606","-0.08284150809049606"
"1716","-0.07457161694765091","-0.07457161694765091","-0.07457161694765091"
"1738","-0.07529989629983902","-0.07529989629983902","-0.07529989629983902"
"1757","-0.09738995879888535","-0.09738995879888535","-0.09738995879888535"
"1777","-0.0783080980181694","-0.0783080980181694","-0.0783080980181694"
"1796","-0.09429570287466049","-0.09429570287466049","-0.09429570287466049"
"1818","-0.06733780354261398","-0.06733780354261398","-0.06733780354261398"
"1841","-0.06150995194911957","-0.06150995194911957","-0.06150995194911957"
"1865","-0.05318039655685425","-0.05318039655685425","-0.05318039655685425"
"1888","-0.05841396749019623","-0.05841396749019623","-0.05841396749019623"
"1912","-0.05674009025096893","-0.05674009025096893","-0.05674009025096893"
"1936","-0.054971978068351746","-0.054971978068351746","-0.054971978068351746"
"1960","-0.04992189258337021","-0.04992189258337021","-0.04992189258337021"
"1982","-0.07215707004070282","-0.07215707004070282","-0.07215707004070282"
"2000","-0.16081692278385162","-0.16081692278385162","-0.16081692278385162"
"2013","-0.1609388291835785","-0.1609388291835785","-0.1609388291835785"
"2030","-0.150141641497612","-0.150141641497612","-0.150141641497612"
"2050","-0.13480854034423828","-0.13480854034423828","-0.13480854034423828"
"2071","-0.11158984154462814","-0.11158984154462814","-0.11158984154462814"
"2090","-0.1162639930844307","-0.1162639930844307","-0.1162639930844307"
"2110","-0.09334031492471695","-0.09334031492471695","-0.09334031492471695"
"2132","-0.0756412073969841","-0.0756412073969841","-0.0756412073969841"
"2155","-0.06847114115953445","-0.06847114115953445","-0.06847114115953445"
"2178","-0.06033869460225105","-0.06033869460225105","-0.06033869460225105"
"2201","-0.06423880904912949","-0.06423880904912949","-0.06423880904912949"
"2210","-0.2318992018699646","-0.2318992018699646","-0.2318992018699646"
"2220","-0.2358682006597519","-0.2358682006597519","-0.2358682006597519"
"2234","-0.21617332100868225","-0.21617332100868225","-0.21617332100868225"
"2252","-0.186776801943779","-0.186776801943779","-0.186776801943779"
"2272","-0.12024544179439545","-0.12024544179439545","-0.12024544179439545"
"2295","-0.09474580734968185","-0.09474580734968185","-0.09474580734968185"
"2319","-0.06939983367919922","-0.06939983367919922","-0.06939983367919922"
"2343","-0.06856805831193924","-0.06856805831193924","-0.06856805831193924"
"2367","-0.06241615116596222","-0.06241615116596222","-0.06241615116596222"
"2391","-0.054277680814266205","-0.054277680814266205","-0.054277680814266205"
"2415","-0.052482906728982925","-0.052482906728982925","-0.052482906728982925"
"2439","-0.047975167632102966","-0.047975167632102966","-0.047975167632102966"
"2463","-0.04714268073439598","-0.04714268073439598","-0.04714268073439598"
"2487","-0.04820761829614639","-0.04820761829614639","-0.04820761829614639"
"2511","-0.04922089725732803","-0.04922089725732803","-0.04922089725732803"
"2535","-0.05191561579704285","-0.05191561579704285","-0.05191561579704285"
"2559","-0.04745551571249962","-0.04745551571249962","-0.04745551571249962"
"2583","-0.044838473200798035","-0.044838473200798035","-0.044838473200798035"
"2607","-0.04794049635529518","-0.04794049635529518","-0.04794049635529518"
"2631","-0.04860999062657356","-0.04860999062657356","-0.04860999062657356"
"2655","-0.042953286319971085","-0.042953286319971085","-0.042953286319971085"
"2679","-0.04368019104003906","-0.04368019104003906","-0.04368019104003906"
"2703","-0.047700587660074234","-0.047700587660074234","-0.047700587660074234"
"2727","-0.04581957682967186","-0.04581957682967186","-0.04581957682967186"
"2751","-0.0483621284365654","-0.0483621284365654","-0.0483621284365654"
"2775","-0.0448383167386055","-0.0448383167386055","-0.0448383167386055"
"2799","-0.04807398095726967","-0.04807398095726967","-0.04807398095726967"
"2823","-0.05217611789703369","-0.05217611789703369","-0.05217611789703369"
"2846","-0.06139799952507019","-0.06139799952507019","-0.06139799952507019"
"2870","-0.054666753858327866","-0.054666753858327866","-0.054666753858327866"
"2894","-0.050121087580919266","-0.050121087580919266","-0.050121087580919266"
"2918","-0.046417247503995895","-0.046417247503995895","-0.046417247503995895"
"2942","-0.047894589602947235","-0.047894589602947235","-0.047894589602947235"
"2964","-0.07175581902265549","-0.07175581902265549","-0.07175581902265549"
"2987","-0.05807329714298248","-0.05807329714298248","-0.05807329714298248"
"3010","-0.05676288157701492","-0.05676288157701492","-0.05676288157701492"
"3034","-0.04857483133673668","-0.04857483133673668","-0.04857483133673668"
"3058","-0.046886324882507324","-0.046886324882507324","-0.046886324882507324"
"3082","-0.047995973378419876","-0.047995973378419876","-0.047995973378419876"
"3106","-0.04522770270705223","-0.04522770270705223","-0.04522770270705223"
"3130","-0.04614310339093208","-0.04614310339093208","-0.04614310339093208"
"3153","-0.05276906490325928","-0.05276906490325928","-0.05276906490325928"
"3175","-0.07858993113040924","-0.07858993113040924","-0.07858993113040924"
"3197","-0.09537540376186371","-0.09537540376186371","-0.09537540376186371"
"3219","-0.09359434992074966","-0.09359434992074966","-0.09359434992074966"
"3241","-0.07522043585777283","-0.07522043585777283","-0.07522043585777283"
"3263","-0.06945185363292694","-0.06945185363292694","-0.06945185363292694"
"3286","-0.05891060084104538","-0.05891060084104538","-0.05891060084104538"
"3310","-0.047909777611494064","-0.047909777611494064","-0.047909777611494064"
"3334","-0.04298911243677139","-0.04298911243677139","-0.04298911243677139"
"3357","-0.05573773384094238","-0.05573773384094238","-0.05573773384094238"
"3381","-0.05268561467528343","-0.05268561467528343","-0.05268561467528343"
"3405","-0.048795051872730255","-0.048795051872730255","-0.048795051872730255"
"3429","-0.04387279972434044","-0.04387279972434044","-0.04387279972434044"
"3453","-0.03911418095231056","-0.03911418095231056","-0.03911418095231056"
"3477","-0.0376097708940506","-0.0376097708940506","-0.0376097708940506"
"3501","-0.04168303310871124","-0.04168303310871124","-0.04168303310871124"
"3525","-0.042150530964136124","-0.042150530964136124","-0.042150530964136124"
"3549","-0.040894921869039536","-0.040894921869039536","-0.040894921869039536"
"3573","-0.040476251393556595","-0.040476251393556595","-0.040476251393556595"
"3597","-0.04144168272614479","-0.04144168272614479","-0.04144168272614479"
"3621","-0.04413352534174919","-0.04413352534174919","-0.04413352534174919"
"3645","-0.044721465557813644","-0.044721465557813644","-0.044721465557813644"
"3669","-0.04175864905118942","-0.04175864905118942","-0.04175864905118942"
"3693","-0.03839520737528801","-0.03839520737528801","-0.03839520737528801"
"3717","-0.03645763918757439","-0.03645763918757439","-0.03645763918757439"
"3741","-0.03622077405452728","-0.03622077405452728","-0.03622077405452728"
"3765","-0.04160451516509056","-0.04160451516509056","-0.04160451516509056"
"3789","-0.03779790550470352","-0.03779790550470352","-0.03779790550470352"
"3813","-0.03695971891283989","-0.03695971891283989","-0.03695971891283989"
"3837","-0.03359763324260712","-0.03359763324260712","-0.03359763324260712"
"3861","-0.03571322560310364","-0.03571322560310364","-0.03571322560310364"
"3885","-0.04015141353011131","-0.04015141353011131","-0.04015141353011131"
"3909","-0.04085885360836983","-0.04085885360836983","-0.04085885360836983"
"3933","-0.039574626833200455","-0.039574626833200455","-0.039574626833200455"
"3957","-0.033281359821558","-0.033281359821558","-0.033281359821558"
"3981","-0.03667106479406357","-0.03667106479406357","-0.03667106479406357"
"4005","-0.040617357939481735","-0.040617357939481735","-0.040617357939481735"
"4029","-0.039776481688022614","-0.039776481688022614","-0.039776481688022614"
"4053","-0.037536296993494034","-0.037536296993494034","-0.037536296993494034"
"4077","-0.03646685183048248","-0.03646685183048248","-0.03646685183048248"
"4101","-0.03785339370369911","-0.03785339370369911","-0.03785339370369911"
"4125","-0.03804502636194229","-0.03804502636194229","-0.03804502636194229"
"4149","-0.03889218717813492","-0.03889218717813492","-0.03889218717813492"
"4173","-0.03832421824336052","-0.03832421824336052","-0.03832421824336052"
"4197","-0.03567253798246384","-0.03567253798246384","-0.03567253798246384"
"4221","-0.035452701151371","-0.035452701151371","-0.035452701151371"
"4245","-0.034873444586992264","-0.034873444586992264","-0.034873444586992264"
"4269","-0.039014723151922226","-0.039014723151922226","-0.039014723151922226"
"4293","-0.035363923758268356","-0.035363923758268356","-0.035363923758268356"
"4317","-0.032041486352682114","-0.032041486352682114","-0.032041486352682114"
"4341","-0.0299568809568882","-0.0299568809568882","-0.0299568809568882"
"4365","-0.029360836371779442","-0.029360836371779442","-0.029360836371779442"
"4389","-0.031338173896074295","-0.031338173896074295","-0.031338173896074295"
"4413","-0.02935430221259594","-0.02935430221259594","-0.02935430221259594"
"4437","-0.030259283259510994","-0.030259283259510994","-0.030259283259510994"
"4461","-0.031093187630176544","-0.031093187630176544","-0.031093187630176544"
"4485","-0.030236225575208664","-0.030236225575208664","-0.030236225575208664"
"4509","-0.028537588194012642","-0.028537588194012642","-0.028537588194012642"
"4533","-0.031179051846265793","-0.031179051846265793","-0.031179051846265793"
"4557","-0.030803900212049484","-0.030803900212049484","-0.030803900212049484"
"4581","-0.03227846324443817","-0.03227846324443817","-0.03227846324443817"
"4605","-0.038003306835889816","-0.038003306835889816","-0.038003306835889816"
"4629","-0.04188600927591324","-0.04188600927591324","-0.04188600927591324"
"4652","-0.04904405027627945","-0.04904405027627945","-0.04904405027627945"
"4676","-0.04221975430846214","-0.04221975430846214","-0.04221975430846214"
"4700","-0.03846166282892227","-0.03846166282892227","-0.03846166282892227"
"4724","-0.03361832723021507","-0.03361832723021507","-0.03361832723021507"
"4748","-0.034755025058984756","-0.034755025058984756","-0.034755025058984756"
"4772","-0.03325117379426956","-0.03325117379426956","-0.03325117379426956"
"4796","-0.035210609436035156","-0.035210609436035156","-0.035210609436035156"
"4820","-0.03560717776417732","-0.03560717776417732","-0.03560717776417732"
"4844","-0.0364733450114727","-0.0364733450114727","-0.0364733450114727"
"4867","-0.05132332071661949","-0.05132332071661949","-0.05132332071661949"
"4891","-0.04727179557085037","-0.04727179557085037","-0.04727179557085037"
"4915","-0.04821842536330223","-0.04821842536330223","-0.04821842536330223"
"4939","-0.04342673346400261","-0.04342673346400261","-0.04342673346400261"
"4963","-0.03735481947660446","-0.03735481947660446","-0.03735481947660446"
"4987","-0.041490573436021805","-0.041490573436021805","-0.041490573436021805"
"5011","-0.03526692092418671","-0.03526692092418671","-0.03526692092418671"
"5035","-0.03263869136571884","-0.03263869136571884","-0.03263869136571884"
"5059","-0.032430410385131836","-0.032430410385131836","-0.032430410385131836"
"5083","-0.032935287803411484","-0.032935287803411484","-0.032935287803411484"
"5107","-0.03299689292907715","-0.03299689292907715","-0.03299689292907715"
"5131","-0.0355704128742218","-0.0355704128742218","-0.0355704128742218"
"5155","-0.03481192886829376","-0.03481192886829376","-0.03481192886829376"
"5179","-0.03354690968990326","-0.03354690968990326","-0.03354690968990326"
"5203","-0.03416743129491806","-0.03416743129491806","-0.03416743129491806"
"5227","-0.035237472504377365","-0.035237472504377365","-0.035237472504377365"
"5251","-0.03418973833322525","-0.03418973833322525","-0.03418973833322525"
"5274","-0.04431511089205742","-0.04431511089205742","-0.04431511089205742"
"5297","-0.04615689814090729","-0.04615689814090729","-0.04615689814090729"
"5321","-0.039862629026174545","-0.039862629026174545","-0.039862629026174545"
"5345","-0.03458114340901375","-0.03458114340901375","-0.03458114340901375"
"5369","-0.035921361297369","-0.035921361297369","-0.035921361297369"
"5393","-0.03790051117539406","-0.03790051117539406","-0.03790051117539406"
"5417","-0.03638577088713646","-0.03638577088713646","-0.03638577088713646"
"5441","-0.034279316663742065","-0.034279316663742065","-0.034279316663742065"
"5465","-0.038589686155319214","-0.038589686155319214","-0.038589686155319214"
"5489","-0.03484996780753136","-0.03484996780753136","-0.03484996780753136"
"5513","-0.035769496113061905","-0.035769496113061905","-0.035769496113061905"
"5537","-0.03906771168112755","-0.03906771168112755","-0.03906771168112755"
"5561","-0.038135793060064316","-0.038135793060064316","-0.038135793060064316"
"5585","-0.03764958307147026","-0.03764958307147026","-0.03764958307147026"
"5609","-0.040214426815509796","-0.040214426815509796","-0.040214426815509796"
"5633","-0.04354068264365196","-0.04354068264365196","-0.04354068264365196"
"5657","-0.03827720880508423","-0.03827720880508423","-0.03827720880508423"
"5681","-0.03576507046818733","-0.03576507046818733","-0.03576507046818733"
"5705","-0.033831994980573654","-0.033831994980573654","-0.033831994980573654"
"5729","-0.03574449196457863","-0.03574449196457863","-0.03574449196457863"
"5753","-0.041325800120830536","-0.041325800120830536","-0.041325800120830536"
"5777","-0.04251628741621971","-0.04251628741621971","-0.04251628741621971"
"5801","-0.04079365357756615","-0.04079365357756615","-0.04079365357756615"
"5825","-0.03955000638961792","-0.03955000638961792","-0.03955000638961792"
"5849","-0.041451599448919296","-0.041451599448919296","-0.041451599448919296"
"5873","-0.03671116754412651","-0.03671116754412651","-0.03671116754412651"
"5897","-0.03550771251320839","-0.03550771251320839","-0.03550771251320839"
"5921","-0.03449643403291702","-0.03449643403291702","-0.03449643403291702"
"5945","-0.03378568962216377","-0.03378568962216377","-0.03378568962216377"
"5969","-0.0328567698597908","-0.0328567698597908","-0.0328567698597908"
"5993","-0.03131050616502762","-0.03131050616502762","-0.03131050616502762"
"6017","-0.03243869170546532","-0.03243869170546532","-0.03243869170546532"
"6041","-0.032404202967882156","-0.032404202967882156","-0.032404202967882156"
"6065","-0.03094351291656494","-0.03094351291656494","-0.03094351291656494"
"6089","-0.03236931562423706","-0.03236931562423706","-0.03236931562423706"
"6113","-0.03114497847855091","-0.03114497847855091","-0.03114497847855091"
"6137","-0.030542250722646713","-0.030542250722646713","-0.030542250722646713"
"6161","-0.029657159000635147","-0.029657159000635147","-0.029657159000635147"
"6185","-0.028610117733478546","-0.028610117733478546","-0.028610117733478546"
"6209","-0.027045495808124542","-0.027045495808124542","-0.027045495808124542"
"6233","-0.02929491363465786","-0.02929491363465786","-0.02929491363465786"
"6257","-0.030297568067908287","-0.030297568067908287","-0.030297568067908287"
"6281","-0.03026304580271244","-0.03026304580271244","-0.03026304580271244"
"6305","-0.03022419847548008","-0.03022419847548008","-0.03022419847548008"
"6329","-0.029919512569904327","-0.029919512569904327","-0.029919512569904327"
"6353","-0.028602439910173416","-0.028602439910173416","-0.028602439910173416"
"6377","-0.027452776208519936","-0.027452776208519936","-0.027452776208519936"
"6401","-0.02954505756497383","-0.02954505756497383","-0.02954505756497383"
"6425","-0.028560150414705276","-0.028560150414705276","-0.028560150414705276"
"6449","-0.027125146239995956","-0.027125146239995956","-0.027125146239995956"
"6473","-0.02871827967464924","-0.02871827967464924","-0.02871827967464924"
"6497","-0.03239800035953522","-0.03239800035953522","-0.03239800035953522"
"6521","-0.02969941310584545","-0.02969941310584545","-0.02969941310584545"
"6545","-0.029651207849383354","-0.029651207849383354","-0.029651207849383354"
"6569","-0.027450932189822197","-0.027450932189822197","-0.027450932189822197"
"6593","-0.02513108029961586","-0.02513108029961586","-0.02513108029961586"
"6617","-0.028031952679157257","-0.028031952679157257","-0.028031952679157257"
"6641","-0.032518886029720306","-0.032518886029720306","-0.032518886029720306"
"6665","-0.027289198711514473","-0.027289198711514473","-0.027289198711514473"
"6689","-0.02721380814909935","-0.02721380814909935","-0.02721380814909935"
"6713","-0.02651100791990757","-0.02651100791990757","-0.02651100791990757"
"6737","-0.0269907359033823","-0.0269907359033823","-0.0269907359033823"
"6761","-0.026460176333785057","-0.026460176333785057","-0.026460176333785057"
"6785","-0.027182351797819138","-0.027182351797819138","-0.027182351797819138"
"6809","-0.027419812977313995","-0.027419812977313995","-0.027419812977313995"
"6833","-0.02597746066749096","-0.02597746066749096","-0.02597746066749096"
"6857","-0.02785191684961319","-0.02785191684961319","-0.02785191684961319"
"6881","-0.02878064475953579","-0.02878064475953579","-0.02878064475953579"
"6905","-0.029251065105199814","-0.029251065105199814","-0.029251065105199814"
"6929","-0.031804997473955154","-0.031804997473955154","-0.031804997473955154"
"6953","-0.03179994225502014","-0.03179994225502014","-0.03179994225502014"
"6977","-0.03181445226073265","-0.03181445226073265","-0.03181445226073265"
"7001","-0.02969018742442131","-0.02969018742442131","-0.02969018742442131"
"7025","-0.0330565981566906","-0.0330565981566906","-0.0330565981566906"
"7049","-0.02979016676545143","-0.02979016676545143","-0.02979016676545143"
"7073","-0.029595108702778816","-0.029595108702778816","-0.029595108702778816"
"7097","-0.027891788631677628","-0.027891788631677628","-0.027891788631677628"
"7121","-0.027464885264635086","-0.027464885264635086","-0.027464885264635086"
"7145","-0.02729698270559311","-0.02729698270559311","-0.02729698270559311"
"7169","-0.030664239078760147","-0.030664239078760147","-0.030664239078760147"
"7193","-0.031319987028837204","-0.031319987028837204","-0.031319987028837204"
"7217","-0.028200844302773476","-0.028200844302773476","-0.028200844302773476"
"7241","-0.027889104560017586","-0.027889104560017586","-0.027889104560017586"
"7265","-0.0273184422403574","-0.0273184422403574","-0.0273184422403574"
"7289","-0.024951541796326637","-0.024951541796326637","-0.024951541796326637"
"7313","-0.024493999779224396","-0.024493999779224396","-0.024493999779224396"
"7337","-0.027903230860829353","-0.027903230860829353","-0.027903230860829353"
"7361","-0.027849461883306503","-0.027849461883306503","-0.027849461883306503"
"7385","-0.028489744290709496","-0.028489744290709496","-0.028489744290709496"
"7409","-0.028052493929862976","-0.028052493929862976","-0.028052493929862976"
"7433","-0.027896393090486526","-0.027896393090486526","-0.027896393090486526"
"7457","-0.027379970997571945","-0.027379970997571945","-0.027379970997571945"
"7481","-0.026210609823465347","-0.026210609823465347","-0.026210609823465347"
"7505","-0.026118198409676552","-0.026118198409676552","-0.026118198409676552"
"7529","-0.027022037655115128","-0.027022037655115128","-0.027022037655115128"
"7553","-0.024898797273635864","-0.024898797273635864","-0.024898797273635864"
"7577","-0.025488905608654022","-0.025488905608654022","-0.025488905608654022"
"7601","-0.024831345304846764","-0.024831345304846764","-0.024831345304846764"
"7625","-0.02666560746729374","-0.02666560746729374","-0.02666560746729374"
"7649","-0.024481799453496933","-0.024481799453496933","-0.024481799453496933"
"7673","-0.02364956960082054","-0.02364956960082054","-0.02364956960082054"
"7697","-0.023295942693948746","-0.023295942693948746","-0.023295942693948746"
"7721","-0.023026002570986748","-0.023026002570986748","-0.023026002570986748"
"7745","-0.02316078543663025","-0.02316078543663025","-0.02316078543663025"
"7769","-0.02358371578156948","-0.02358371578156948","-0.02358371578156948"
"7793","-0.023445187136530876","-0.023445187136530876","-0.023445187136530876"
"7817","-0.024293411523103714","-0.024293411523103714","-0.024293411523103714"
"7841","-0.0247189998626709","-0.0247189998626709","-0.0247189998626709"
"7865","-0.0237770676612854","-0.0237770676612854","-0.0237770676612854"
"7889","-0.022491194307804108","-0.022491194307804108","-0.022491194307804108"
"7913","-0.02376682125031948","-0.02376682125031948","-0.02376682125031948"
"7937","-0.02428225241601467","-0.02428225241601467","-0.02428225241601467"
"7961","-0.02375604212284088","-0.02375604212284088","-0.02375604212284088"
"7985","-0.022805800661444664","-0.022805800661444664","-0.022805800661444664"
"8009","-0.022570619359612465","-0.022570619359612465","-0.022570619359612465"
"8033","-0.02168712578713894","-0.02168712578713894","-0.02168712578713894"
"8057","-0.02245051972568035","-0.02245051972568035","-0.02245051972568035"
"8081","-0.023773863911628723","-0.023773863911628723","-0.023773863911628723"
"8105","-0.022846655920147896","-0.022846655920147896","-0.022846655920147896"
"8129","-0.02300231158733368","-0.02300231158733368","-0.02300231158733368"
"8153","-0.024838918820023537","-0.024838918820023537","-0.024838918820023537"
"8177","-0.02582022175192833","-0.02582022175192833","-0.02582022175192833"
"8201","-0.02354266680777073","-0.02354266680777073","-0.02354266680777073"
"8225","-0.023569762706756592","-0.023569762706756592","-0.023569762706756592"
"8249","-0.022603174671530724","-0.022603174671530724","-0.022603174671530724"
"8273","-0.022729402408003807","-0.022729402408003807","-0.022729402408003807"
"8297","-0.022867878898978233","-0.022867878898978233","-0.022867878898978233"
"8321","-0.021781930699944496","-0.021781930699944496","-0.021781930699944496"
"8345","-0.022967083379626274","-0.022967083379626274","-0.022967083379626274"
"8369","-0.02603563293814659","-0.02603563293814659","-0.02603563293814659"
"8393","-0.025436576455831528","-0.025436576455831528","-0.025436576455831528"
"8417","-0.034837812185287476","-0.034837812185287476","-0.034837812185287476"
"8440","-0.04021375998854637","-0.04021375998854637","-0.04021375998854637"
"8464","-0.03357965499162674","-0.03357965499162674","-0.03357965499162674"
"8488","-0.031654082238674164","-0.031654082238674164","-0.031654082238674164"
"8512","-0.027840258553624153","-0.027840258553624153","-0.027840258553624153"
"8536","-0.024737877771258354","-0.024737877771258354","-0.024737877771258354"
"8560","-0.022405225783586502","-0.022405225783586502","-0.022405225783586502"
"8584","-0.02598678134381771","-0.02598678134381771","-0.02598678134381771"
"8608","-0.02918482944369316","-0.02918482944369316","-0.02918482944369316"
"8632","-0.028025638312101364","-0.028025638312101364","-0.028025638312101364"
"8656","-0.03234193101525307","-0.03234193101525307","-0.03234193101525307"
"8680","-0.029207466170191765","-0.029207466170191765","-0.029207466170191765"
"8704","-0.025565171614289284","-0.025565171614289284","-0.025565171614289284"
"8728","-0.024519383907318115","-0.024519383907318115","-0.024519383907318115"
"8752","-0.02373919077217579","-0.02373919077217579","-0.02373919077217579"
"8776","-0.024004897102713585","-0.024004897102713585","-0.024004897102713585"
"8800","-0.02366306446492672","-0.02366306446492672","-0.02366306446492672"
"8824","-0.022871727123856544","-0.022871727123856544","-0.022871727123856544"
"8848","-0.022039273753762245","-0.022039273753762245","-0.022039273753762245"
"8872","-0.022814834490418434","-0.022814834490418434","-0.022814834490418434"
"8896","-0.021101053804159164","-0.021101053804159164","-0.021101053804159164"
"8920","-0.021401407197117805","-0.021401407197117805","-0.021401407197117805"
"8944","-0.022318273782730103","-0.022318273782730103","-0.022318273782730103"
"8968","-0.021719519048929214","-0.021719519048929214","-0.021719519048929214"
"8992","-0.0231978427618742","-0.0231978427618742","-0.0231978427618742"
"9016","-0.0240238718688488","-0.0240238718688488","-0.0240238718688488"
"9040","-0.025221949443221092","-0.025221949443221092","-0.025221949443221092"
"9064","-0.024942422285676003","-0.024942422285676003","-0.024942422285676003"
"9088","-0.02392161637544632","-0.02392161637544632","-0.02392161637544632"
"9112","-0.025643736124038696","-0.025643736124038696","-0.025643736124038696"
"9136","-0.025922022759914398","-0.025922022759914398","-0.025922022759914398"
"9160","-0.023782256990671158","-0.023782256990671158","-0.023782256990671158"
"9184","-0.023695766925811768","-0.023695766925811768","-0.023695766925811768"
"9208","-0.024102210998535156","-0.024102210998535156","-0.024102210998535156"
"9232","-0.025430331006646156","-0.025430331006646156","-0.025430331006646156"
"9256","-0.023402277380228043","-0.023402277380228043","-0.023402277380228043"
"9280","-0.024952178820967674","-0.024952178820967674","-0.024952178820967674"
"9304","-0.024591542780399323","-0.024591542780399323","-0.024591542780399323"
"9328","-0.023587504401803017","-0.023587504401803017","-0.023587504401803017"
"9352","-0.02317170798778534","-0.02317170798778534","-0.02317170798778534"
"9376","-0.024806465953588486","-0.024806465953588486","-0.024806465953588486"
"9400","-0.02352435141801834","-0.02352435141801834","-0.02352435141801834"
"9424","-0.022552678361535072","-0.022552678361535072","-0.022552678361535072"
"9448","-0.02304583042860031","-0.02304583042860031","-0.02304583042860031"
"9472","-0.02348376251757145","-0.02348376251757145","-0.02348376251757145"
"9496","-0.025106685236096382","-0.025106685236096382","-0.025106685236096382"
"9520","-0.023384572938084602","-0.023384572938084602","-0.023384572938084602"
"9544","-0.026060324162244797","-0.026060324162244797","-0.026060324162244797"
"9568","-0.025282561779022217","-0.025282561779022217","-0.025282561779022217"
"9592","-0.02438775636255741","-0.02438775636255741","-0.02438775636255741"
"9616","-0.02427750825881958","-0.02427750825881958","-0.02427750825881958"
"9640","-0.025475921109318733","-0.025475921109318733","-0.025475921109318733"
"9664","-0.026606818661093712","-0.026606818661093712","-0.026606818661093712"
"9688","-0.026632461696863174","-0.026632461696863174","-0.026632461696863174"
"9712","-0.02840251289308071","-0.02840251289308071","-0.02840251289308071"
"9736","-0.02738061174750328","-0.02738061174750328","-0.02738061174750328"
"9760","-0.02794015221297741","-0.02794015221297741","-0.02794015221297741"
"9784","-0.02877635695040226","-0.02877635695040226","-0.02877635695040226"
"9808","-0.02842724323272705","-0.02842724323272705","-0.02842724323272705"
"9832","-0.02957131154835224","-0.02957131154835224","-0.02957131154835224"
"9856","-0.027261940762400627","-0.027261940762400627","-0.027261940762400627"
"9880","-0.026717305183410645","-0.026717305183410645","-0.026717305183410645"
"9904","-0.02600918896496296","-0.02600918896496296","-0.02600918896496296"
"9928","-0.02486126497387886","-0.02486126497387886","-0.02486126497387886"
"9952","-0.02523316815495491","-0.02523316815495491","-0.02523316815495491"
"9976","-0.023807616904377937","-0.023807616904377937","-0.023807616904377937"
"10000","-0.023268060758709908","-0.023268060758709908","-0.023268060758709908"
"10024","-0.024445397779345512","-0.024445397779345512","-0.024445397779345512"
"10048","-0.0232552457600832","-0.0232552457600832","-0.0232552457600832"
"10072","-0.024406585842370987","-0.024406585842370987","-0.024406585842370987"
"10096","-0.02452249638736248","-0.02452249638736248","-0.02452249638736248"
"10120","-0.038438815623521805","-0.038438815623521805","-0.038438815623521805"
"10143","-0.04807266965508461","-0.04807266965508461","-0.04807266965508461"
"10166","-0.0468602254986763","-0.0468602254986763","-0.0468602254986763"
"10189","-0.04748748987913132","-0.04748748987913132","-0.04748748987913132"
"10212","-0.04129587858915329","-0.04129587858915329","-0.04129587858915329"
"10235","-0.045506808906793594","-0.045506808906793594","-0.045506808906793594"
"10258","-0.044442854821681976","-0.044442854821681976","-0.044442854821681976"
"10281","-0.04467775300145149","-0.04467775300145149","-0.04467775300145149"
"10305","-0.04379076138138771","-0.04379076138138771","-0.04379076138138771"
"10329","-0.039188455790281296","-0.039188455790281296","-0.039188455790281296"
"10353","-0.03267618641257286","-0.03267618641257286","-0.03267618641257286"
"10377","-0.02928500436246395","-0.02928500436246395","-0.02928500436246395"
"10401","-0.02961079031229019","-0.02961079031229019","-0.02961079031229019"
"10425","-0.028820758685469627","-0.028820758685469627","-0.028820758685469627"
"10449","-0.026885567232966423","-0.026885567232966423","-0.026885567232966423"
"10473","-0.026678873226046562","-0.026678873226046562","-0.026678873226046562"
"10497","-0.025962283834815025","-0.025962283834815025","-0.025962283834815025"
"10521","-0.023719578981399536","-0.023719578981399536","-0.023719578981399536"
"10545","-0.023453250527381897","-0.023453250527381897","-0.023453250527381897"
"10569","-0.024524148553609848","-0.024524148553609848","-0.024524148553609848"
"10593","-0.0257928054779768","-0.0257928054779768","-0.0257928054779768"
"10617","-0.023292625322937965","-0.023292625322937965","-0.023292625322937965"
"10641","-0.022776879370212555","-0.022776879370212555","-0.022776879370212555"
"10665","-0.02348930761218071","-0.02348930761218071","-0.02348930761218071"
"10689","-0.022783834487199783","-0.022783834487199783","-0.022783834487199783"
"10713","-0.022697437554597855","-0.022697437554597855","-0.022697437554597855"
"10737","-0.02192024700343609","-0.02192024700343609","-0.02192024700343609"
"10761","-0.021711120381951332","-0.021711120381951332","-0.021711120381951332"
"10785","-0.02262873575091362","-0.02262873575091362","-0.02262873575091362"
"10809","-0.022130049765110016","-0.022130049765110016","-0.022130049765110016"
"10833","-0.02272900938987732","-0.02272900938987732","-0.02272900938987732"
"10857","-0.02749854326248169","-0.02749854326248169","-0.02749854326248169"
"10881","-0.02719498984515667","-0.02719498984515667","-0.02719498984515667"
"10905","-0.030600590631365776","-0.030600590631365776","-0.030600590631365776"
"10929","-0.026905184611678123","-0.026905184611678123","-0.026905184611678123"
"10953","-0.023706911131739616","-0.023706911131739616","-0.023706911131739616"
"10977","-0.023920590057969093","-0.023920590057969093","-0.023920590057969093"
"11001","-0.02250627428293228","-0.02250627428293228","-0.02250627428293228"
"11025","-0.02220018394291401","-0.02220018394291401","-0.02220018394291401"
"11049","-0.022565824910998344","-0.022565824910998344","-0.022565824910998344"
"11073","-0.023338982835412025","-0.023338982835412025","-0.023338982835412025"
"11097","-0.025619937106966972","-0.025619937106966972","-0.025619937106966972"
"11121","-0.02441626973450184","-0.02441626973450184","-0.02441626973450184"
"11145","-0.02328852191567421","-0.02328852191567421","-0.02328852191567421"
"11169","-0.022744648158550262","-0.022744648158550262","-0.022744648158550262"
"11193","-0.02296876534819603","-0.02296876534819603","-0.02296876534819603"
"11217","-0.024522725492715836","-0.024522725492715836","-0.024522725492715836"
"11241","-0.023473456501960754","-0.023473456501960754","-0.023473456501960754"
"11265","-0.0268703643232584","-0.0268703643232584","-0.0268703643232584"
"11289","-0.02596266195178032","-0.02596266195178032","-0.02596266195178032"
"11313","-0.026914607733488083","-0.026914607733488083","-0.026914607733488083"
"11337","-0.028523271903395653","-0.028523271903395653","-0.028523271903395653"
"11361","-0.029036128893494606","-0.029036128893494606","-0.029036128893494606"
"11385","-0.026569576933979988","-0.026569576933979988","-0.026569576933979988"
"11409","-0.025193629786372185","-0.025193629786372185","-0.025193629786372185"
"11433","-0.02434610202908516","-0.02434610202908516","-0.02434610202908516"
"11457","-0.023768341168761253","-0.023768341168761253","-0.023768341168761253"
"11481","-0.024210400879383087","-0.024210400879383087","-0.024210400879383087"
"11505","-0.022850388661026955","-0.022850388661026955","-0.022850388661026955"
"11529","-0.0231748316437006","-0.0231748316437006","-0.0231748316437006"
"11553","-0.022966742515563965","-0.022966742515563965","-0.022966742515563965"
"11577","-0.024201583117246628","-0.024201583117246628","-0.024201583117246628"
"11601","-0.023987432941794395","-0.023987432941794395","-0.023987432941794395"
"11625","-0.024089746177196503","-0.024089746177196503","-0.024089746177196503"
"11649","-0.02256780117750168","-0.02256780117750168","-0.02256780117750168"
"11673","-0.02314447984099388","-0.02314447984099388","-0.02314447984099388"
"11697","-0.022804368287324905","-0.022804368287324905","-0.022804368287324905"
"11721","-0.022868694737553596","-0.022868694737553596","-0.022868694737553596"
"11745","-0.022229284048080444","-0.022229284048080444","-0.022229284048080444"
"11769","-0.021651793271303177","-0.021651793271303177","-0.021651793271303177"
"11793","-0.022853661328554153","-0.022853661328554153","-0.022853661328554153"
"11817","-0.02257663942873478","-0.02257663942873478","-0.02257663942873478"
"11841","-0.023588575422763824","-0.023588575422763824","-0.023588575422763824"
"11865","-0.024893363937735558","-0.024893363937735558","-0.024893363937735558"
"11889","-0.02275833860039711","-0.02275833860039711","-0.02275833860039711"
"11913","-0.022960305213928223","-0.022960305213928223","-0.022960305213928223"
"11937","-0.022705189883708954","-0.022705189883708954","-0.022705189883708954"
"11961","-0.023303912952542305","-0.023303912952542305","-0.023303912952542305"
"11985","-0.023075073957443237","-0.023075073957443237","-0.023075073957443237"
"12009","-0.02325136959552765","-0.02325136959552765","-0.02325136959552765"
"12033","-0.022880692034959793","-0.022880692034959793","-0.022880692034959793"
"12057","-0.025210393592715263","-0.025210393592715263","-0.025210393592715263"
"12081","-0.024494804441928864","-0.024494804441928864","-0.024494804441928864"
"12105","-0.025450324639678","-0.025450324639678","-0.025450324639678"
"12129","-0.022985544055700302","-0.022985544055700302","-0.022985544055700302"
"12153","-0.0241383146494627","-0.0241383146494627","-0.0241383146494627"
"12177","-0.02266147918999195","-0.02266147918999195","-0.02266147918999195"
"12201","-0.02156337909400463","-0.02156337909400463","-0.02156337909400463"
"12225","-0.021245436742901802","-0.021245436742901802","-0.021245436742901802"
"12249","-0.02011810801923275","-0.02011810801923275","-0.02011810801923275"
"12273","-0.020732253789901733","-0.020732253789901733","-0.020732253789901733"
"12297","-0.020620401948690414","-0.020620401948690414","-0.020620401948690414"
"12321","-0.021663762629032135","-0.021663762629032135","-0.021663762629032135"
"12345","-0.021368538960814476","-0.021368538960814476","-0.021368538960814476"
"12369","-0.022410565987229347","-0.022410565987229347","-0.022410565987229347"
"12393","-0.024226343259215355","-0.024226343259215355","-0.024226343259215355"
"12417","-0.02340284362435341","-0.02340284362435341","-0.02340284362435341"
"12441","-0.022664234042167664","-0.022664234042167664","-0.022664234042167664"
"12465","-0.023659344762563705","-0.023659344762563705","-0.023659344762563705"
"12489","-0.022399066016077995","-0.022399066016077995","-0.022399066016077995"
"12513","-0.021015452221035957","-0.021015452221035957","-0.021015452221035957"
"12537","-0.02072397619485855","-0.02072397619485855","-0.02072397619485855"
"12561","-0.021261589601635933","-0.021261589601635933","-0.021261589601635933"
"12585","-0.021758059039711952","-0.021758059039711952","-0.021758059039711952"
"12609","-0.020705996081233025","-0.020705996081233025","-0.020705996081233025"
"12633","-0.021257853135466576","-0.021257853135466576","-0.021257853135466576"
"12657","-0.021772436797618866","-0.021772436797618866","-0.021772436797618866"
"12681","-0.021834660321474075","-0.021834660321474075","-0.021834660321474075"
"12705","-0.020534232258796692","-0.020534232258796692","-0.020534232258796692"
"12729","-0.020299794152379036","-0.020299794152379036","-0.020299794152379036"
"12753","-0.021650098264217377","-0.021650098264217377","-0.021650098264217377"
"12777","-0.02125149965286255","-0.02125149965286255","-0.02125149965286255"
"12801","-0.02320936881005764","-0.02320936881005764","-0.02320936881005764"
"12825","-0.028678374364972115","-0.028678374364972115","-0.028678374364972115"
"12849","-0.037557099014520645","-0.037557099014520645","-0.037557099014520645"
"12873","-0.03911350294947624","-0.03911350294947624","-0.03911350294947624"
"12897","-0.036467716097831726","-0.036467716097831726","-0.036467716097831726"
"12921","-0.03362235799431801","-0.03362235799431801","-0.03362235799431801"
"12945","-0.03200380131602287","-0.03200380131602287","-0.03200380131602287"
"12969","-0.03420030325651169","-0.03420030325651169","-0.03420030325651169"
"12993","-0.031377483159303665","-0.031377483159303665","-0.031377483159303665"
"13017","-0.029090028256177902","-0.029090028256177902","-0.029090028256177902"
"13041","-0.02720852755010128","-0.02720852755010128","-0.02720852755010128"
"13065","-0.025634387508034706","-0.025634387508034706","-0.025634387508034706"
"13089","-0.024676423519849777","-0.024676423519849777","-0.024676423519849777"
"13113","-0.025112222880125046","-0.025112222880125046","-0.025112222880125046"
"13137","-0.023578006774187088","-0.023578006774187088","-0.023578006774187088"
"13161","-0.024514468386769295","-0.024514468386769295","-0.024514468386769295"
"13185","-0.026673782616853714","-0.026673782616853714","-0.026673782616853714"
"13209","-0.025513092055916786","-0.025513092055916786","-0.025513092055916786"
"13233","-0.02576550841331482","-0.02576550841331482","-0.02576550841331482"
"13257","-0.026512712240219116","-0.026512712240219116","-0.026512712240219116"
"13281","-0.025262124836444855","-0.025262124836444855","-0.025262124836444855"
"13305","-0.02349957823753357","-0.02349957823753357","-0.02349957823753357"
"13329","-0.023072734475135803","-0.023072734475135803","-0.023072734475135803"
"13353","-0.024714894592761993","-0.024714894592761993","-0.024714894592761993"
"13377","-0.025197232142090797","-0.025197232142090797","-0.025197232142090797"
"13401","-0.024633163586258888","-0.024633163586258888","-0.024633163586258888"
"13425","-0.023125527426600456","-0.023125527426600456","-0.023125527426600456"
"13449","-0.02379574626684189","-0.02379574626684189","-0.02379574626684189"
"13473","-0.024160820990800858","-0.024160820990800858","-0.024160820990800858"
"13497","-0.023215165361762047","-0.023215165361762047","-0.023215165361762047"
"13521","-0.024091416969895363","-0.024091416969895363","-0.024091416969895363"
"13545","-0.024175336584448814","-0.024175336584448814","-0.024175336584448814"
"13569","-0.022792929783463478","-0.022792929783463478","-0.022792929783463478"
"13593","-0.021541738882660866","-0.021541738882660866","-0.021541738882660866"
"13617","-0.023474903777241707","-0.023474903777241707","-0.023474903777241707"
"13641","-0.022495033219456673","-0.022495033219456673","-0.022495033219456673"
"13665","-0.023871654644608498","-0.023871654644608498","-0.023871654644608498"
"13689","-0.025777142494916916","-0.025777142494916916","-0.025777142494916916"
"13713","-0.022364439442753792","-0.022364439442753792","-0.022364439442753792"
"13737","-0.023128127679228783","-0.023128127679228783","-0.023128127679228783"
"13761","-0.021832389757037163","-0.021832389757037163","-0.021832389757037163"
"13785","-0.021523553878068924","-0.021523553878068924","-0.021523553878068924"
"13809","-0.023112967610359192","-0.023112967610359192","-0.023112967610359192"
"13833","-0.02212505415081978","-0.02212505415081978","-0.02212505415081978"
"13857","-0.020426100119948387","-0.020426100119948387","-0.020426100119948387"
"13881","-0.021606335416436195","-0.021606335416436195","-0.021606335416436195"
"13905","-0.02088666521012783","-0.02088666521012783","-0.02088666521012783"
"13929","-0.020363714545965195","-0.020363714545965195","-0.020363714545965195"
"13953","-0.021549170836806297","-0.021549170836806297","-0.021549170836806297"
"13977","-0.020999062806367874","-0.020999062806367874","-0.020999062806367874"
"14001","-0.020537106320261955","-0.020537106320261955","-0.020537106320261955"
"14025","-0.021059425547719002","-0.021059425547719002","-0.021059425547719002"
"14049","-0.020778536796569824","-0.020778536796569824","-0.020778536796569824"
"14073","-0.01981937140226364","-0.01981937140226364","-0.01981937140226364"
"14097","-0.019992871209979057","-0.019992871209979057","-0.019992871209979057"
"14121","-0.02078975923359394","-0.02078975923359394","-0.02078975923359394"
"14145","-0.01987261325120926","-0.01987261325120926","-0.01987261325120926"
"14169","-0.020292317494750023","-0.020292317494750023","-0.020292317494750023"
"14193","-0.02088024467229843","-0.02088024467229843","-0.02088024467229843"
"14217","-0.020462479442358017","-0.020462479442358017","-0.020462479442358017"
"14241","-0.0202491357922554","-0.0202491357922554","-0.0202491357922554"
"14265","-0.02060220204293728","-0.02060220204293728","-0.02060220204293728"
"14289","-0.021361075341701508","-0.021361075341701508","-0.021361075341701508"
"14313","-0.0211471039801836","-0.0211471039801836","-0.0211471039801836"
"14337","-0.02157267928123474","-0.02157267928123474","-0.02157267928123474"
"14361","-0.020980896428227425","-0.020980896428227425","-0.020980896428227425"
"14385","-0.020850181579589844","-0.020850181579589844","-0.020850181579589844"
"14409","-0.02182597666978836","-0.02182597666978836","-0.02182597666978836"
"14433","-0.021838190034031868","-0.021838190034031868","-0.021838190034031868"
"14457","-0.020751718431711197","-0.020751718431711197","-0.020751718431711197"
"14481","-0.020912891253829002","-0.020912891253829002","-0.020912891253829002"
"14505","-0.020548272877931595","-0.020548272877931595","-0.020548272877931595"
"14529","-0.01928406022489071","-0.01928406022489071","-0.01928406022489071"
"14553","-0.018857477232813835","-0.018857477232813835","-0.018857477232813835"
"14577","-0.018812919035553932","-0.018812919035553932","-0.018812919035553932"
"14601","-0.01895374059677124","-0.01895374059677124","-0.01895374059677124"
"14625","-0.020693641155958176","-0.020693641155958176","-0.020693641155958176"
"14649","-0.020314499735832214","-0.020314499735832214","-0.020314499735832214"
"14673","-0.018812913447618484","-0.018812913447618484","-0.018812913447618484"
"14697","-0.02017170377075672","-0.02017170377075672","-0.02017170377075672"
"14721","-0.019844381138682365","-0.019844381138682365","-0.019844381138682365"
"14745","-0.020096486434340477","-0.020096486434340477","-0.020096486434340477"
"14769","-0.019357286393642426","-0.019357286393642426","-0.019357286393642426"
"14793","-0.018323542550206184","-0.018323542550206184","-0.018323542550206184"
"14817","-0.018786760047078133","-0.018786760047078133","-0.018786760047078133"
"14841","-0.018010186031460762","-0.018010186031460762","-0.018010186031460762"
"14865","-0.018728265538811684","-0.018728265538811684","-0.018728265538811684"
"14889","-0.01976742409169674","-0.01976742409169674","-0.01976742409169674"
"14913","-0.018947351723909378","-0.018947351723909378","-0.018947351723909378"
"14937","-0.019694406539201736","-0.019694406539201736","-0.019694406539201736"
"14961","-0.019346926361322403","-0.019346926361322403","-0.019346926361322403"
"14985","-0.01855703815817833","-0.01855703815817833","-0.01855703815817833"
"15009","-0.01833290420472622","-0.01833290420472622","-0.01833290420472622"
"15033","-0.018326595425605774","-0.018326595425605774","-0.018326595425605774"
"15057","-0.01894167624413967","-0.01894167624413967","-0.01894167624413967"
"15081","-0.018578698858618736","-0.018578698858618736","-0.018578698858618736"
"15105","-0.01837630197405815","-0.01837630197405815","-0.01837630197405815"
"15129","-0.01892676204442978","-0.01892676204442978","-0.01892676204442978"
"15153","-0.01850445382297039","-0.01850445382297039","-0.01850445382297039"
"15177","-0.01869017817080021","-0.01869017817080021","-0.01869017817080021"
"15201","-0.018884887918829918","-0.018884887918829918","-0.018884887918829918"
"15225","-0.018743278458714485","-0.018743278458714485","-0.018743278458714485"
"15249","-0.018064552918076515","-0.018064552918076515","-0.018064552918076515"
"15273","-0.018499596044421196","-0.018499596044421196","-0.018499596044421196"
"15297","-0.01958131417632103","-0.01958131417632103","-0.01958131417632103"
"15321","-0.018979893997311592","-0.018979893997311592","-0.018979893997311592"
"15345","-0.019437648355960846","-0.019437648355960846","-0.019437648355960846"
"15369","-0.019910460337996483","-0.019910460337996483","-0.019910460337996483"
"15393","-0.02135658450424671","-0.02135658450424671","-0.02135658450424671"
"15417","-0.02156904898583889","-0.02156904898583889","-0.02156904898583889"
"15441","-0.022320004180073738","-0.022320004180073738","-0.022320004180073738"
"15465","-0.02353481575846672","-0.02353481575846672","-0.02353481575846672"
"15489","-0.0214673038572073","-0.0214673038572073","-0.0214673038572073"
"15513","-0.02102370373904705","-0.02102370373904705","-0.02102370373904705"
"15537","-0.02003924362361431","-0.02003924362361431","-0.02003924362361431"
"15561","-0.019256524741649628","-0.019256524741649628","-0.019256524741649628"
"15585","-0.020374851301312447","-0.020374851301312447","-0.020374851301312447"
"15609","-0.018825223669409752","-0.018825223669409752","-0.018825223669409752"
"15633","-0.01839439384639263","-0.01839439384639263","-0.01839439384639263"
"15657","-0.01935395412147045","-0.01935395412147045","-0.01935395412147045"
"15681","-0.017989888787269592","-0.017989888787269592","-0.017989888787269592"
"15705","-0.01777832582592964","-0.01777832582592964","-0.01777832582592964"
"15729","-0.017797987908124924","-0.017797987908124924","-0.017797987908124924"
"15753","-0.02974833734333515","-0.02974833734333515","-0.02974833734333515"
"15772","-0.07774075120687485","-0.07774075120687485","-0.07774075120687485"
"15793","-0.06220000982284546","-0.06220000982284546","-0.06220000982284546"
"15815","-0.050301022827625275","-0.050301022827625275","-0.050301022827625275"
"15838","-0.04400675371289253","-0.04400675371289253","-0.04400675371289253"
"15861","-0.042842064052820206","-0.042842064052820206","-0.042842064052820206"
"15884","-0.046310603618621826","-0.046310603618621826","-0.046310603618621826"
"15907","-0.041621748358011246","-0.041621748358011246","-0.041621748358011246"
"15930","-0.04366730898618698","-0.04366730898618698","-0.04366730898618698"
"15953","-0.037269264459609985","-0.037269264459609985","-0.037269264459609985"
"15977","-0.028295103460550308","-0.028295103460550308","-0.028295103460550308"
"16001","-0.025884604081511497","-0.025884604081511497","-0.025884604081511497"
"16025","-0.03137653321027756","-0.03137653321027756","-0.03137653321027756"
"16049","-0.028627224266529083","-0.028627224266529083","-0.028627224266529083"
"16073","-0.023814607411623","-0.023814607411623","-0.023814607411623"
"16097","-0.022573623806238174","-0.022573623806238174","-0.022573623806238174"
"16121","-0.022830452769994736","-0.022830452769994736","-0.022830452769994736"
"16145","-0.024478288367390633","-0.024478288367390633","-0.024478288367390633"
"16169","-0.02387659251689911","-0.02387659251689911","-0.02387659251689911"
"16193","-0.022250454872846603","-0.022250454872846603","-0.022250454872846603"
"16217","-0.021546315401792526","-0.021546315401792526","-0.021546315401792526"
"16241","-0.022467555478215218","-0.022467555478215218","-0.022467555478215218"
"16265","-0.021030081436038017","-0.021030081436038017","-0.021030081436038017"
"16289","-0.021089911460876465","-0.021089911460876465","-0.021089911460876465"
"16313","-0.02076588198542595","-0.02076588198542595","-0.02076588198542595"
"16337","-0.021111950278282166","-0.021111950278282166","-0.021111950278282166"
"16361","-0.022210245952010155","-0.022210245952010155","-0.022210245952010155"
"16385","-0.02276068553328514","-0.02276068553328514","-0.02276068553328514"
"16409","-0.022322101518511772","-0.022322101518511772","-0.022322101518511772"
"16433","-0.02167697623372078","-0.02167697623372078","-0.02167697623372078"
"16457","-0.02086423896253109","-0.02086423896253109","-0.02086423896253109"
"16481","-0.020897360518574715","-0.020897360518574715","-0.020897360518574715"
"16505","-0.020562734454870224","-0.020562734454870224","-0.020562734454870224"
"16529","-0.020191727206110954","-0.020191727206110954","-0.020191727206110954"
"16553","-0.0195393618196249","-0.0195393618196249","-0.0195393618196249"
"16577","-0.019692907109856606","-0.019692907109856606","-0.019692907109856606"
"16601","-0.01913067325949669","-0.01913067325949669","-0.01913067325949669"
"16625","-0.019331317394971848","-0.019331317394971848","-0.019331317394971848"
"16649","-0.019794223830103874","-0.019794223830103874","-0.019794223830103874"
"16673","-0.019974976778030396","-0.019974976778030396","-0.019974976778030396"
"16697","-0.020061243325471878","-0.020061243325471878","-0.020061243325471878"
"16721","-0.02095988020300865","-0.02095988020300865","-0.02095988020300865"
"16745","-0.023114198818802834","-0.023114198818802834","-0.023114198818802834"
"16769","-0.023068899288773537","-0.023068899288773537","-0.023068899288773537"
"16793","-0.02401656284928322","-0.02401656284928322","-0.02401656284928322"
"16817","-0.023722197860479355","-0.023722197860479355","-0.023722197860479355"
"16841","-0.023685332387685776","-0.023685332387685776","-0.023685332387685776"
"16865","-0.02301221713423729","-0.02301221713423729","-0.02301221713423729"
"16889","-0.021310318261384964","-0.021310318261384964","-0.021310318261384964"
"16913","-0.02106931246817112","-0.02106931246817112","-0.02106931246817112"
"16937","-0.02178666740655899","-0.02178666740655899","-0.02178666740655899"
"16961","-0.021466849371790886","-0.021466849371790886","-0.021466849371790886"
"16985","-0.02106548100709915","-0.02106548100709915","-0.02106548100709915"
"17009","-0.020497161895036697","-0.020497161895036697","-0.020497161895036697"
"17033","-0.02149629034101963","-0.02149629034101963","-0.02149629034101963"
"17057","-0.021723808720707893","-0.021723808720707893","-0.021723808720707893"
"17081","-0.02269202098250389","-0.02269202098250389","-0.02269202098250389"
"17105","-0.02444467507302761","-0.02444467507302761","-0.02444467507302761"
"17129","-0.02537010796368122","-0.02537010796368122","-0.02537010796368122"
"17153","-0.02310645952820778","-0.02310645952820778","-0.02310645952820778"