"Step","obs_wo_linearv_seed1/11-29_10-38 - train/stats.tracking_error","obs_wo_linearv_seed1/11-29_10-38 - train/stats.tracking_error__MIN","obs_wo_linearv_seed1/11-29_10-38 - train/stats.tracking_error__MAX"
"1","-0.42584019899368286","-0.42584019899368286","-0.42584019899368286"
"2","-0.42366427183151245","-0.42366427183151245","-0.42366427183151245"
"3","-0.4248514175415039","-0.4248514175415039","-0.4248514175415039"
"4","-0.4271373450756073","-0.4271373450756073","-0.4271373450756073"
"5","-0.42782968282699585","-0.42782968282699585","-0.42782968282699585"
"7","-0.4316922128200531","-0.4316922128200531","-0.4316922128200531"
"9","-0.4368307292461395","-0.4368307292461395","-0.4368307292461395"
"11","-0.4427431523799896","-0.4427431523799896","-0.4427431523799896"
"13","-0.44726115465164185","-0.44726115465164185","-0.44726115465164185"
"15","-0.45004406571388245","-0.45004406571388245","-0.45004406571388245"
"17","-0.44818824529647827","-0.44818824529647827","-0.44818824529647827"
"19","-0.4417075216770172","-0.4417075216770172","-0.4417075216770172"
"21","-0.43335098028182983","-0.43335098028182983","-0.43335098028182983"
"24","-0.4221116304397583","-0.4221116304397583","-0.4221116304397583"
"27","-0.4197860360145569","-0.4197860360145569","-0.4197860360145569"
"30","-0.43381553888320923","-0.43381553888320923","-0.43381553888320923"
"34","-0.45856213569641113","-0.45856213569641113","-0.45856213569641113"
"39","-0.46203264594078064","-0.46203264594078064","-0.46203264594078064"
"45","-0.4646730422973633","-0.4646730422973633","-0.4646730422973633"
"52","-0.45630165934562683","-0.45630165934562683","-0.45630165934562683"
"62","-0.4494788646697998","-0.4494788646697998","-0.4494788646697998"
"76","-0.4465562403202057","-0.4465562403202057","-0.4465562403202057"
"92","-0.42773279547691345","-0.42773279547691345","-0.42773279547691345"
"110","-0.4067763388156891","-0.4067763388156891","-0.4067763388156891"
"129","-0.3867796063423157","-0.3867796063423157","-0.3867796063423157"
"148","-0.3737318515777588","-0.3737318515777588","-0.3737318515777588"
"168","-0.3618088662624359","-0.3618088662624359","-0.3618088662624359"
"188","-0.35281968116760254","-0.35281968116760254","-0.35281968116760254"
"208","-0.3453713655471802","-0.3453713655471802","-0.3453713655471802"
"229","-0.33465224504470825","-0.33465224504470825","-0.33465224504470825"
"250","-0.3318735957145691","-0.3318735957145691","-0.3318735957145691"
"271","-0.3318905532360077","-0.3318905532360077","-0.3318905532360077"
"292","-0.3234974443912506","-0.3234974443912506","-0.3234974443912506"
"313","-0.3185946047306061","-0.3185946047306061","-0.3185946047306061"
"334","-0.3212345242500305","-0.3212345242500305","-0.3212345242500305"
"355","-0.31597068905830383","-0.31597068905830383","-0.31597068905830383"
"376","-0.31721848249435425","-0.31721848249435425","-0.31721848249435425"
"397","-0.31092438101768494","-0.31092438101768494","-0.31092438101768494"
"418","-0.30929505825042725","-0.30929505825042725","-0.30929505825042725"
"439","-0.30176684260368347","-0.30176684260368347","-0.30176684260368347"
"460","-0.297568142414093","-0.297568142414093","-0.297568142414093"
"481","-0.29854413866996765","-0.29854413866996765","-0.29854413866996765"
"502","-0.297707736492157","-0.297707736492157","-0.297707736492157"
"523","-0.2932799756526947","-0.2932799756526947","-0.2932799756526947"
"544","-0.292542427778244","-0.292542427778244","-0.292542427778244"
"566","-0.29039064049720764","-0.29039064049720764","-0.29039064049720764"
"587","-0.2883889377117157","-0.2883889377117157","-0.2883889377117157"
"608","-0.2850014567375183","-0.2850014567375183","-0.2850014567375183"
"629","-0.28207385540008545","-0.28207385540008545","-0.28207385540008545"
"650","-0.2839091122150421","-0.2839091122150421","-0.2839091122150421"
"672","-0.2853623032569885","-0.2853623032569885","-0.2853623032569885"
"693","-0.28305426239967346","-0.28305426239967346","-0.28305426239967346"
"715","-0.28024759888648987","-0.28024759888648987","-0.28024759888648987"
"736","-0.28008711338043213","-0.28008711338043213","-0.28008711338043213"
"758","-0.27647918462753296","-0.27647918462753296","-0.27647918462753296"
"780","-0.27694910764694214","-0.27694910764694214","-0.27694910764694214"
"802","-0.27487343549728394","-0.27487343549728394","-0.27487343549728394"
"823","-0.2744028568267822","-0.2744028568267822","-0.2744028568267822"
"845","-0.2717132866382599","-0.2717132866382599","-0.2717132866382599"
"866","-0.26820677518844604","-0.26820677518844604","-0.26820677518844604"
"888","-0.26606881618499756","-0.26606881618499756","-0.26606881618499756"
"910","-0.26252198219299316","-0.26252198219299316","-0.26252198219299316"
"932","-0.26208218932151794","-0.26208218932151794","-0.26208218932151794"
"954","-0.26315057277679443","-0.26315057277679443","-0.26315057277679443"
"976","-0.2637002766132355","-0.2637002766132355","-0.2637002766132355"
"998","-0.2635370194911957","-0.2635370194911957","-0.2635370194911957"
"1020","-0.26359862089157104","-0.26359862089157104","-0.26359862089157104"
"1042","-0.26341888308525085","-0.26341888308525085","-0.26341888308525085"
"1064","-0.26480036973953247","-0.26480036973953247","-0.26480036973953247"
"1086","-0.26013487577438354","-0.26013487577438354","-0.26013487577438354"
"1108","-0.2638452351093292","-0.2638452351093292","-0.2638452351093292"
"1130","-0.26039591431617737","-0.26039591431617737","-0.26039591431617737"
"1152","-0.25884532928466797","-0.25884532928466797","-0.25884532928466797"
"1174","-0.2583965063095093","-0.2583965063095093","-0.2583965063095093"
"1196","-0.2546839416027069","-0.2546839416027069","-0.2546839416027069"
"1218","-0.25502994656562805","-0.25502994656562805","-0.25502994656562805"
"1240","-0.2565346658229828","-0.2565346658229828","-0.2565346658229828"
"1262","-0.2521756589412689","-0.2521756589412689","-0.2521756589412689"
"1284","-0.25127488374710083","-0.25127488374710083","-0.25127488374710083"
"1306","-0.2450598031282425","-0.2450598031282425","-0.2450598031282425"
"1328","-0.2422609031200409","-0.2422609031200409","-0.2422609031200409"
"1350","-0.2336958795785904","-0.2336958795785904","-0.2336958795785904"
"1372","-0.22635258734226227","-0.22635258734226227","-0.22635258734226227"
"1394","-0.2262696772813797","-0.2262696772813797","-0.2262696772813797"
"1416","-0.23020872473716736","-0.23020872473716736","-0.23020872473716736"
"1438","-0.22857286036014557","-0.22857286036014557","-0.22857286036014557"
"1460","-0.22492615878582","-0.22492615878582","-0.22492615878582"
"1482","-0.22255384922027588","-0.22255384922027588","-0.22255384922027588"
"1504","-0.22191175818443298","-0.22191175818443298","-0.22191175818443298"
"1526","-0.22233796119689941","-0.22233796119689941","-0.22233796119689941"
"1548","-0.22054876387119293","-0.22054876387119293","-0.22054876387119293"
"1570","-0.21974101662635803","-0.21974101662635803","-0.21974101662635803"
"1592","-0.2180483490228653","-0.2180483490228653","-0.2180483490228653"
"1614","-0.21655479073524475","-0.21655479073524475","-0.21655479073524475"
"1636","-0.21713119745254517","-0.21713119745254517","-0.21713119745254517"
"1658","-0.21663685142993927","-0.21663685142993927","-0.21663685142993927"
"1680","-0.21347421407699585","-0.21347421407699585","-0.21347421407699585"
"1702","-0.20958289504051208","-0.20958289504051208","-0.20958289504051208"
"1724","-0.20749689638614655","-0.20749689638614655","-0.20749689638614655"
"1746","-0.20763777196407318","-0.20763777196407318","-0.20763777196407318"
"1768","-0.20456045866012573","-0.20456045866012573","-0.20456045866012573"
"1790","-0.20130647718906403","-0.20130647718906403","-0.20130647718906403"
"1812","-0.20262411236763","-0.20262411236763","-0.20262411236763"
"1835","-0.20100633800029755","-0.20100633800029755","-0.20100633800029755"
"1858","-0.19896157085895538","-0.19896157085895538","-0.19896157085895538"
"1881","-0.19775108993053436","-0.19775108993053436","-0.19775108993053436"
"1904","-0.19695661962032318","-0.19695661962032318","-0.19695661962032318"
"1927","-0.19884349405765533","-0.19884349405765533","-0.19884349405765533"
"1950","-0.1964840441942215","-0.1964840441942215","-0.1964840441942215"
"1973","-0.1975075751543045","-0.1975075751543045","-0.1975075751543045"
"1996","-0.19560962915420532","-0.19560962915420532","-0.19560962915420532"
"2019","-0.19687286019325256","-0.19687286019325256","-0.19687286019325256"
"2042","-0.19975103437900543","-0.19975103437900543","-0.19975103437900543"
"2065","-0.20094595849514008","-0.20094595849514008","-0.20094595849514008"
"2088","-0.2011566162109375","-0.2011566162109375","-0.2011566162109375"
"2111","-0.2008889615535736","-0.2008889615535736","-0.2008889615535736"
"2134","-0.19888527691364288","-0.19888527691364288","-0.19888527691364288"
"2157","-0.19845692813396454","-0.19845692813396454","-0.19845692813396454"
"2180","-0.19717364013195038","-0.19717364013195038","-0.19717364013195038"
"2203","-0.19602257013320923","-0.19602257013320923","-0.19602257013320923"
"2226","-0.18997280299663544","-0.18997280299663544","-0.18997280299663544"
"2249","-0.19136999547481537","-0.19136999547481537","-0.19136999547481537"
"2272","-0.1894894540309906","-0.1894894540309906","-0.1894894540309906"
"2295","-0.18724425137043","-0.18724425137043","-0.18724425137043"
"2318","-0.18811900913715363","-0.18811900913715363","-0.18811900913715363"
"2341","-0.19106008112430573","-0.19106008112430573","-0.19106008112430573"
"2364","-0.19017666578292847","-0.19017666578292847","-0.19017666578292847"
"2387","-0.19013747572898865","-0.19013747572898865","-0.19013747572898865"
"2410","-0.18658794462680817","-0.18658794462680817","-0.18658794462680817"
"2433","-0.1876305639743805","-0.1876305639743805","-0.1876305639743805"
"2456","-0.18814730644226074","-0.18814730644226074","-0.18814730644226074"
"2479","-0.1903434544801712","-0.1903434544801712","-0.1903434544801712"
"2502","-0.1885620504617691","-0.1885620504617691","-0.1885620504617691"
"2524","-0.19972065091133118","-0.19972065091133118","-0.19972065091133118"
"2543","-0.2361636757850647","-0.2361636757850647","-0.2361636757850647"
"2562","-0.23553168773651123","-0.23553168773651123","-0.23553168773651123"
"2581","-0.23378713428974152","-0.23378713428974152","-0.23378713428974152"
"2600","-0.23182891309261322","-0.23182891309261322","-0.23182891309261322"
"2619","-0.23108811676502228","-0.23108811676502228","-0.23108811676502228"
"2638","-0.2297903299331665","-0.2297903299331665","-0.2297903299331665"
"2657","-0.23169399797916412","-0.23169399797916412","-0.23169399797916412"
"2676","-0.22919826209545135","-0.22919826209545135","-0.22919826209545135"
"2695","-0.2310640960931778","-0.2310640960931778","-0.2310640960931778"
"2715","-0.22480334341526031","-0.22480334341526031","-0.22480334341526031"
"2735","-0.22434993088245392","-0.22434993088245392","-0.22434993088245392"
"2755","-0.22199474275112152","-0.22199474275112152","-0.22199474275112152"
"2775","-0.22182591259479523","-0.22182591259479523","-0.22182591259479523"
"2795","-0.21961262822151184","-0.21961262822151184","-0.21961262822151184"
"2815","-0.21827185153961182","-0.21827185153961182","-0.21827185153961182"
"2835","-0.2186320722103119","-0.2186320722103119","-0.2186320722103119"
"2855","-0.21659140288829803","-0.21659140288829803","-0.21659140288829803"
"2876","-0.21715489029884338","-0.21715489029884338","-0.21715489029884338"
"2897","-0.21740520000457764","-0.21740520000457764","-0.21740520000457764"
"2918","-0.2153812199831009","-0.2153812199831009","-0.2153812199831009"
"2939","-0.21103893220424652","-0.21103893220424652","-0.21103893220424652"
"2960","-0.21157525479793549","-0.21157525479793549","-0.21157525479793549"
"2981","-0.20956575870513916","-0.20956575870513916","-0.20956575870513916"
"3002","-0.2098354697227478","-0.2098354697227478","-0.2098354697227478"
"3023","-0.2101762294769287","-0.2101762294769287","-0.2101762294769287"
"3044","-0.20947135984897614","-0.20947135984897614","-0.20947135984897614"
"3065","-0.2101372629404068","-0.2101372629404068","-0.2101372629404068"
"3086","-0.20780575275421143","-0.20780575275421143","-0.20780575275421143"
"3107","-0.2079196721315384","-0.2079196721315384","-0.2079196721315384"
"3128","-0.20587389171123505","-0.20587389171123505","-0.20587389171123505"
"3149","-0.2021869570016861","-0.2021869570016861","-0.2021869570016861"
"3170","-0.20146691799163818","-0.20146691799163818","-0.20146691799163818"
"3191","-0.1992853879928589","-0.1992853879928589","-0.1992853879928589"
"3213","-0.1950664520263672","-0.1950664520263672","-0.1950664520263672"
"3234","-0.19590924680233002","-0.19590924680233002","-0.19590924680233002"
"3255","-0.19653239846229553","-0.19653239846229553","-0.19653239846229553"
"3276","-0.19498716294765472","-0.19498716294765472","-0.19498716294765472"
"3297","-0.19227953255176544","-0.19227953255176544","-0.19227953255176544"
"3319","-0.19205866754055023","-0.19205866754055023","-0.19205866754055023"
"3341","-0.1947813183069229","-0.1947813183069229","-0.1947813183069229"
"3363","-0.191849485039711","-0.191849485039711","-0.191849485039711"
"3385","-0.19076605141162872","-0.19076605141162872","-0.19076605141162872"
"3407","-0.19014473259449005","-0.19014473259449005","-0.19014473259449005"
"3429","-0.19217443466186523","-0.19217443466186523","-0.19217443466186523"
"3451","-0.1890036016702652","-0.1890036016702652","-0.1890036016702652"
"3473","-0.18923747539520264","-0.18923747539520264","-0.18923747539520264"
"3495","-0.191341832280159","-0.191341832280159","-0.191341832280159"
"3517","-0.19164900481700897","-0.19164900481700897","-0.19164900481700897"
"3539","-0.19163067638874054","-0.19163067638874054","-0.19163067638874054"
"3561","-0.19391480088233948","-0.19391480088233948","-0.19391480088233948"
"3583","-0.1916591227054596","-0.1916591227054596","-0.1916591227054596"
"3605","-0.19002757966518402","-0.19002757966518402","-0.19002757966518402"
"3627","-0.18884135782718658","-0.18884135782718658","-0.18884135782718658"
"3649","-0.1877005398273468","-0.1877005398273468","-0.1877005398273468"
"3671","-0.1862293928861618","-0.1862293928861618","-0.1862293928861618"
"3693","-0.1855052262544632","-0.1855052262544632","-0.1855052262544632"
"3716","-0.18417371809482574","-0.18417371809482574","-0.18417371809482574"
"3738","-0.18691684305667877","-0.18691684305667877","-0.18691684305667877"
"3760","-0.18874888122081757","-0.18874888122081757","-0.18874888122081757"
"3783","-0.18685133755207062","-0.18685133755207062","-0.18685133755207062"
"3806","-0.1844588667154312","-0.1844588667154312","-0.1844588667154312"
"3829","-0.18255554139614105","-0.18255554139614105","-0.18255554139614105"
"3852","-0.17658141255378723","-0.17658141255378723","-0.17658141255378723"
"3875","-0.17595909535884857","-0.17595909535884857","-0.17595909535884857"
"3898","-0.17604102194309235","-0.17604102194309235","-0.17604102194309235"
"3921","-0.1746557503938675","-0.1746557503938675","-0.1746557503938675"
"3944","-0.1725488007068634","-0.1725488007068634","-0.1725488007068634"
"3967","-0.17059771716594696","-0.17059771716594696","-0.17059771716594696"
"3990","-0.17280225455760956","-0.17280225455760956","-0.17280225455760956"
"4013","-0.1732190102338791","-0.1732190102338791","-0.1732190102338791"
"4036","-0.17244060337543488","-0.17244060337543488","-0.17244060337543488"
"4059","-0.17337177693843842","-0.17337177693843842","-0.17337177693843842"
"4082","-0.17462608218193054","-0.17462608218193054","-0.17462608218193054"
"4105","-0.17292967438697815","-0.17292967438697815","-0.17292967438697815"
"4128","-0.17246238887310028","-0.17246238887310028","-0.17246238887310028"
"4151","-0.17391128838062286","-0.17391128838062286","-0.17391128838062286"
"4174","-0.17453400790691376","-0.17453400790691376","-0.17453400790691376"
"4197","-0.1717083603143692","-0.1717083603143692","-0.1717083603143692"
"4220","-0.1669154018163681","-0.1669154018163681","-0.1669154018163681"
"4243","-0.16815443336963654","-0.16815443336963654","-0.16815443336963654"
"4266","-0.1655755192041397","-0.1655755192041397","-0.1655755192041397"
"4290","-0.16517050564289093","-0.16517050564289093","-0.16517050564289093"
"4314","-0.16531917452812195","-0.16531917452812195","-0.16531917452812195"
"4338","-0.16467344760894775","-0.16467344760894775","-0.16467344760894775"
"4362","-0.16510607302188873","-0.16510607302188873","-0.16510607302188873"
"4386","-0.16269338130950928","-0.16269338130950928","-0.16269338130950928"
"4410","-0.1638651341199875","-0.1638651341199875","-0.1638651341199875"
"4434","-0.1628514677286148","-0.1628514677286148","-0.1628514677286148"
"4457","-0.16524262726306915","-0.16524262726306915","-0.16524262726306915"
"4480","-0.16525214910507202","-0.16525214910507202","-0.16525214910507202"
"4503","-0.16304631531238556","-0.16304631531238556","-0.16304631531238556"
"4526","-0.16183120012283325","-0.16183120012283325","-0.16183120012283325"
"4550","-0.16046060621738434","-0.16046060621738434","-0.16046060621738434"
"4573","-0.15676620602607727","-0.15676620602607727","-0.15676620602607727"
"4597","-0.15628494322299957","-0.15628494322299957","-0.15628494322299957"
"4620","-0.15790122747421265","-0.15790122747421265","-0.15790122747421265"
"4644","-0.1565784364938736","-0.1565784364938736","-0.1565784364938736"
"4668","-0.15894581377506256","-0.15894581377506256","-0.15894581377506256"
"4691","-0.16124975681304932","-0.16124975681304932","-0.16124975681304932"
"4715","-0.15550263226032257","-0.15550263226032257","-0.15550263226032257"
"4739","-0.15402789413928986","-0.15402789413928986","-0.15402789413928986"
"4763","-0.15387581288814545","-0.15387581288814545","-0.15387581288814545"
"4787","-0.15293581783771515","-0.15293581783771515","-0.15293581783771515"
"4811","-0.15039139986038208","-0.15039139986038208","-0.15039139986038208"
"4835","-0.15007774531841278","-0.15007774531841278","-0.15007774531841278"
"4859","-0.14971709251403809","-0.14971709251403809","-0.14971709251403809"
"4883","-0.1509513258934021","-0.1509513258934021","-0.1509513258934021"
"4907","-0.15022099018096924","-0.15022099018096924","-0.15022099018096924"
"4931","-0.1515624225139618","-0.1515624225139618","-0.1515624225139618"
"4955","-0.15170490741729736","-0.15170490741729736","-0.15170490741729736"
"4979","-0.14959266781806946","-0.14959266781806946","-0.14959266781806946"
"5003","-0.1481458991765976","-0.1481458991765976","-0.1481458991765976"
"5027","-0.14830291271209717","-0.14830291271209717","-0.14830291271209717"
"5051","-0.1477266550064087","-0.1477266550064087","-0.1477266550064087"
"5075","-0.14753271639347076","-0.14753271639347076","-0.14753271639347076"
"5099","-0.14882466197013855","-0.14882466197013855","-0.14882466197013855"
"5123","-0.15066616237163544","-0.15066616237163544","-0.15066616237163544"
"5147","-0.15200315415859222","-0.15200315415859222","-0.15200315415859222"
"5171","-0.1528598666191101","-0.1528598666191101","-0.1528598666191101"
"5195","-0.153176948428154","-0.153176948428154","-0.153176948428154"
"5219","-0.15373653173446655","-0.15373653173446655","-0.15373653173446655"
"5243","-0.15417064726352692","-0.15417064726352692","-0.15417064726352692"
"5267","-0.15257886052131653","-0.15257886052131653","-0.15257886052131653"
"5291","-0.15039601922035217","-0.15039601922035217","-0.15039601922035217"
"5315","-0.15189899504184723","-0.15189899504184723","-0.15189899504184723"
"5339","-0.150094136595726","-0.150094136595726","-0.150094136595726"
"5363","-0.14999376237392426","-0.14999376237392426","-0.14999376237392426"
"5387","-0.15132395923137665","-0.15132395923137665","-0.15132395923137665"
"5411","-0.1513976901769638","-0.1513976901769638","-0.1513976901769638"
"5435","-0.1481509506702423","-0.1481509506702423","-0.1481509506702423"
"5459","-0.14621303975582123","-0.14621303975582123","-0.14621303975582123"
"5483","-0.1481848806142807","-0.1481848806142807","-0.1481848806142807"
"5507","-0.15051190555095673","-0.15051190555095673","-0.15051190555095673"
"5531","-0.15127475559711456","-0.15127475559711456","-0.15127475559711456"
"5555","-0.14885154366493225","-0.14885154366493225","-0.14885154366493225"
"5579","-0.14714044332504272","-0.14714044332504272","-0.14714044332504272"
"5603","-0.14669722318649292","-0.14669722318649292","-0.14669722318649292"
"5627","-0.1500828117132187","-0.1500828117132187","-0.1500828117132187"
"5651","-0.14918622374534607","-0.14918622374534607","-0.14918622374534607"
"5675","-0.1487927883863449","-0.1487927883863449","-0.1487927883863449"
"5699","-0.14694003760814667","-0.14694003760814667","-0.14694003760814667"
"5723","-0.14545460045337677","-0.14545460045337677","-0.14545460045337677"
"5747","-0.142958864569664","-0.142958864569664","-0.142958864569664"
"5771","-0.14644265174865723","-0.14644265174865723","-0.14644265174865723"
"5795","-0.14381591975688934","-0.14381591975688934","-0.14381591975688934"
"5819","-0.14493130147457123","-0.14493130147457123","-0.14493130147457123"
"5843","-0.14346928894519806","-0.14346928894519806","-0.14346928894519806"
"5867","-0.142181858420372","-0.142181858420372","-0.142181858420372"
"5891","-0.1407269984483719","-0.1407269984483719","-0.1407269984483719"
"5915","-0.1400090456008911","-0.1400090456008911","-0.1400090456008911"
"5939","-0.14105165004730225","-0.14105165004730225","-0.14105165004730225"
"5963","-0.14062459766864777","-0.14062459766864777","-0.14062459766864777"
"5987","-0.14009562134742737","-0.14009562134742737","-0.14009562134742737"
"6011","-0.13724370300769806","-0.13724370300769806","-0.13724370300769806"
"6035","-0.13744133710861206","-0.13744133710861206","-0.13744133710861206"
"6059","-0.136346235871315","-0.136346235871315","-0.136346235871315"
"6083","-0.1373712420463562","-0.1373712420463562","-0.1373712420463562"
"6107","-0.1373443454504013","-0.1373443454504013","-0.1373443454504013"
"6131","-0.13772200047969818","-0.13772200047969818","-0.13772200047969818"
"6155","-0.13576063513755798","-0.13576063513755798","-0.13576063513755798"
"6179","-0.1351616382598877","-0.1351616382598877","-0.1351616382598877"
"6203","-0.13698653876781464","-0.13698653876781464","-0.13698653876781464"
"6227","-0.13737788796424866","-0.13737788796424866","-0.13737788796424866"
"6251","-0.13481000065803528","-0.13481000065803528","-0.13481000065803528"
"6275","-0.1371227502822876","-0.1371227502822876","-0.1371227502822876"
"6299","-0.14063355326652527","-0.14063355326652527","-0.14063355326652527"
"6323","-0.14150960743427277","-0.14150960743427277","-0.14150960743427277"
"6347","-0.14162155985832214","-0.14162155985832214","-0.14162155985832214"
"6371","-0.14104396104812622","-0.14104396104812622","-0.14104396104812622"
"6395","-0.13691169023513794","-0.13691169023513794","-0.13691169023513794"
"6419","-0.13734187185764313","-0.13734187185764313","-0.13734187185764313"
"6443","-0.13515415787696838","-0.13515415787696838","-0.13515415787696838"
"6467","-0.13663369417190552","-0.13663369417190552","-0.13663369417190552"
"6491","-0.13611464202404022","-0.13611464202404022","-0.13611464202404022"
"6515","-0.13689182698726654","-0.13689182698726654","-0.13689182698726654"
"6539","-0.13723105192184448","-0.13723105192184448","-0.13723105192184448"
"6563","-0.13731282949447632","-0.13731282949447632","-0.13731282949447632"
"6587","-0.13452358543872833","-0.13452358543872833","-0.13452358543872833"
"6611","-0.13330431282520294","-0.13330431282520294","-0.13330431282520294"
"6635","-0.1350102573633194","-0.1350102573633194","-0.1350102573633194"
"6659","-0.1350902020931244","-0.1350902020931244","-0.1350902020931244"
"6683","-0.13740310072898865","-0.13740310072898865","-0.13740310072898865"
"6707","-0.13898630440235138","-0.13898630440235138","-0.13898630440235138"
"6731","-0.13851363956928253","-0.13851363956928253","-0.13851363956928253"
"6755","-0.13727372884750366","-0.13727372884750366","-0.13727372884750366"
"6779","-0.13711263239383698","-0.13711263239383698","-0.13711263239383698"
"6803","-0.13557974994182587","-0.13557974994182587","-0.13557974994182587"
"6827","-0.14174459874629974","-0.14174459874629974","-0.14174459874629974"
"6851","-0.14179106056690216","-0.14179106056690216","-0.14179106056690216"
"6875","-0.14126548171043396","-0.14126548171043396","-0.14126548171043396"
"6899","-0.14118467271327972","-0.14118467271327972","-0.14118467271327972"
"6923","-0.1401008665561676","-0.1401008665561676","-0.1401008665561676"
"6947","-0.13680745661258698","-0.13680745661258698","-0.13680745661258698"
"6971","-0.13713862001895905","-0.13713862001895905","-0.13713862001895905"
"6995","-0.13631363213062286","-0.13631363213062286","-0.13631363213062286"
"7019","-0.1389724761247635","-0.1389724761247635","-0.1389724761247635"
"7043","-0.1373932957649231","-0.1373932957649231","-0.1373932957649231"
"7067","-0.13694028556346893","-0.13694028556346893","-0.13694028556346893"
"7091","-0.13572052121162415","-0.13572052121162415","-0.13572052121162415"
"7115","-0.13453823328018188","-0.13453823328018188","-0.13453823328018188"
"7139","-0.13519904017448425","-0.13519904017448425","-0.13519904017448425"
"7163","-0.137221097946167","-0.137221097946167","-0.137221097946167"
"7187","-0.13465677201747894","-0.13465677201747894","-0.13465677201747894"
"7211","-0.13653752207756042","-0.13653752207756042","-0.13653752207756042"
"7235","-0.13778211176395416","-0.13778211176395416","-0.13778211176395416"
"7259","-0.13703112304210663","-0.13703112304210663","-0.13703112304210663"
"7283","-0.13752011954784393","-0.13752011954784393","-0.13752011954784393"
"7307","-0.13726550340652466","-0.13726550340652466","-0.13726550340652466"
"7331","-0.13811610639095306","-0.13811610639095306","-0.13811610639095306"
"7355","-0.13782741129398346","-0.13782741129398346","-0.13782741129398346"
"7379","-0.14185255765914917","-0.14185255765914917","-0.14185255765914917"
"7403","-0.14078889787197113","-0.14078889787197113","-0.14078889787197113"
"7427","-0.14209821820259094","-0.14209821820259094","-0.14209821820259094"
"7451","-0.14352253079414368","-0.14352253079414368","-0.14352253079414368"
"7475","-0.14532287418842316","-0.14532287418842316","-0.14532287418842316"
"7499","-0.14640773832798004","-0.14640773832798004","-0.14640773832798004"
"7523","-0.1438281536102295","-0.1438281536102295","-0.1438281536102295"
"7547","-0.14483678340911865","-0.14483678340911865","-0.14483678340911865"
"7571","-0.146188884973526","-0.146188884973526","-0.146188884973526"
"7595","-0.14384901523590088","-0.14384901523590088","-0.14384901523590088"
"7619","-0.14395254850387573","-0.14395254850387573","-0.14395254850387573"
"7643","-0.14528429508209229","-0.14528429508209229","-0.14528429508209229"
"7667","-0.14463388919830322","-0.14463388919830322","-0.14463388919830322"
"7691","-0.1456352323293686","-0.1456352323293686","-0.1456352323293686"
"7715","-0.14301133155822754","-0.14301133155822754","-0.14301133155822754"
"7739","-0.1441313773393631","-0.1441313773393631","-0.1441313773393631"
"7763","-0.1477905809879303","-0.1477905809879303","-0.1477905809879303"
"7787","-0.14591318368911743","-0.14591318368911743","-0.14591318368911743"
"7811","-0.14353689551353455","-0.14353689551353455","-0.14353689551353455"
"7835","-0.14262646436691284","-0.14262646436691284","-0.14262646436691284"
"7859","-0.1447840929031372","-0.1447840929031372","-0.1447840929031372"
"7883","-0.141506165266037","-0.141506165266037","-0.141506165266037"
"7907","-0.13886143267154694","-0.13886143267154694","-0.13886143267154694"
"7931","-0.1401522010564804","-0.1401522010564804","-0.1401522010564804"
"7955","-0.13899008929729462","-0.13899008929729462","-0.13899008929729462"
"7979","-0.13839803636074066","-0.13839803636074066","-0.13839803636074066"
"8003","-0.13692539930343628","-0.13692539930343628","-0.13692539930343628"
"8027","-0.13718925416469574","-0.13718925416469574","-0.13718925416469574"
"8051","-0.13527202606201172","-0.13527202606201172","-0.13527202606201172"
"8075","-0.13559837639331818","-0.13559837639331818","-0.13559837639331818"
"8099","-0.13587786257266998","-0.13587786257266998","-0.13587786257266998"
"8123","-0.13895122706890106","-0.13895122706890106","-0.13895122706890106"
"8147","-0.140583798289299","-0.140583798289299","-0.140583798289299"
"8171","-0.13959218561649323","-0.13959218561649323","-0.13959218561649323"
"8195","-0.14051108062267303","-0.14051108062267303","-0.14051108062267303"
"8219","-0.13934682309627533","-0.13934682309627533","-0.13934682309627533"
"8243","-0.1396595686674118","-0.1396595686674118","-0.1396595686674118"
"8267","-0.14122284948825836","-0.14122284948825836","-0.14122284948825836"
"8291","-0.13973219692707062","-0.13973219692707062","-0.13973219692707062"
"8315","-0.14009514451026917","-0.14009514451026917","-0.14009514451026917"
"8339","-0.1430622637271881","-0.1430622637271881","-0.1430622637271881"
"8363","-0.14285431802272797","-0.14285431802272797","-0.14285431802272797"
"8387","-0.14497336745262146","-0.14497336745262146","-0.14497336745262146"
"8411","-0.1449807733297348","-0.1449807733297348","-0.1449807733297348"
"8435","-0.14591816067695618","-0.14591816067695618","-0.14591816067695618"
"8459","-0.1440199464559555","-0.1440199464559555","-0.1440199464559555"
"8483","-0.1451585739850998","-0.1451585739850998","-0.1451585739850998"
"8507","-0.14293937385082245","-0.14293937385082245","-0.14293937385082245"
"8531","-0.1447528749704361","-0.1447528749704361","-0.1447528749704361"
"8555","-0.1418609470129013","-0.1418609470129013","-0.1418609470129013"
"8579","-0.14102467894554138","-0.14102467894554138","-0.14102467894554138"
"8603","-0.14058537781238556","-0.14058537781238556","-0.14058537781238556"
"8627","-0.13946518301963806","-0.13946518301963806","-0.13946518301963806"
"8651","-0.13844726979732513","-0.13844726979732513","-0.13844726979732513"
"8675","-0.13724717497825623","-0.13724717497825623","-0.13724717497825623"
"8699","-0.13535544276237488","-0.13535544276237488","-0.13535544276237488"
"8723","-0.13478851318359375","-0.13478851318359375","-0.13478851318359375"
"8747","-0.13456444442272186","-0.13456444442272186","-0.13456444442272186"
"8771","-0.13621722161769867","-0.13621722161769867","-0.13621722161769867"
"8795","-0.13795976340770721","-0.13795976340770721","-0.13795976340770721"
"8819","-0.13573281466960907","-0.13573281466960907","-0.13573281466960907"
"8843","-0.13590669631958008","-0.13590669631958008","-0.13590669631958008"
"8867","-0.13635903596878052","-0.13635903596878052","-0.13635903596878052"
"8891","-0.13402990996837616","-0.13402990996837616","-0.13402990996837616"
"8915","-0.13476814329624176","-0.13476814329624176","-0.13476814329624176"
"8939","-0.13514824211597443","-0.13514824211597443","-0.13514824211597443"
"8963","-0.13665708899497986","-0.13665708899497986","-0.13665708899497986"
"8987","-0.13192389905452728","-0.13192389905452728","-0.13192389905452728"
"9011","-0.13183391094207764","-0.13183391094207764","-0.13183391094207764"
"9035","-0.1323692947626114","-0.1323692947626114","-0.1323692947626114"
"9059","-0.13243262469768524","-0.13243262469768524","-0.13243262469768524"
"9083","-0.1301533579826355","-0.1301533579826355","-0.1301533579826355"
"9107","-0.13298214972019196","-0.13298214972019196","-0.13298214972019196"
"9131","-0.13245496153831482","-0.13245496153831482","-0.13245496153831482"
"9155","-0.1339186131954193","-0.1339186131954193","-0.1339186131954193"
"9179","-0.13040843605995178","-0.13040843605995178","-0.13040843605995178"
"9203","-0.13070803880691528","-0.13070803880691528","-0.13070803880691528"
"9227","-0.12925617396831512","-0.12925617396831512","-0.12925617396831512"
"9251","-0.1295429915189743","-0.1295429915189743","-0.1295429915189743"
"9275","-0.12457559257745743","-0.12457559257745743","-0.12457559257745743"
"9299","-0.12668149173259735","-0.12668149173259735","-0.12668149173259735"
"9323","-0.12731532752513885","-0.12731532752513885","-0.12731532752513885"
"9347","-0.1262783259153366","-0.1262783259153366","-0.1262783259153366"
"9371","-0.12579916417598724","-0.12579916417598724","-0.12579916417598724"
"9395","-0.12425950169563293","-0.12425950169563293","-0.12425950169563293"
"9419","-0.12353712320327759","-0.12353712320327759","-0.12353712320327759"
"9443","-0.12607485055923462","-0.12607485055923462","-0.12607485055923462"
"9467","-0.12737788259983063","-0.12737788259983063","-0.12737788259983063"
"9491","-0.12658996880054474","-0.12658996880054474","-0.12658996880054474"
"9515","-0.12396463006734848","-0.12396463006734848","-0.12396463006734848"
"9539","-0.12382104992866516","-0.12382104992866516","-0.12382104992866516"
"9563","-0.12412743270397186","-0.12412743270397186","-0.12412743270397186"
"9587","-0.12353058159351349","-0.12353058159351349","-0.12353058159351349"
"9611","-0.12399934977293015","-0.12399934977293015","-0.12399934977293015"
"9635","-0.12525619566440582","-0.12525619566440582","-0.12525619566440582"
"9659","-0.12506690621376038","-0.12506690621376038","-0.12506690621376038"
"9683","-0.1246417835354805","-0.1246417835354805","-0.1246417835354805"
"9707","-0.12597844004631042","-0.12597844004631042","-0.12597844004631042"
"9731","-0.12589004635810852","-0.12589004635810852","-0.12589004635810852"
"9755","-0.12399766594171524","-0.12399766594171524","-0.12399766594171524"
"9779","-0.12310686707496643","-0.12310686707496643","-0.12310686707496643"
"9803","-0.1229652613401413","-0.1229652613401413","-0.1229652613401413"
"9827","-0.12390635907649994","-0.12390635907649994","-0.12390635907649994"
"9851","-0.12139022350311279","-0.12139022350311279","-0.12139022350311279"
"9875","-0.12156421691179276","-0.12156421691179276","-0.12156421691179276"
"9899","-0.11967296898365021","-0.11967296898365021","-0.11967296898365021"
"9923","-0.12062162160873413","-0.12062162160873413","-0.12062162160873413"
"9947","-0.1210288405418396","-0.1210288405418396","-0.1210288405418396"
"9971","-0.12048004567623138","-0.12048004567623138","-0.12048004567623138"
"9995","-0.11929978430271149","-0.11929978430271149","-0.11929978430271149"
"10019","-0.11900791525840759","-0.11900791525840759","-0.11900791525840759"
"10043","-0.11771255731582642","-0.11771255731582642","-0.11771255731582642"
"10067","-0.11863606423139572","-0.11863606423139572","-0.11863606423139572"
"10091","-0.11931997537612915","-0.11931997537612915","-0.11931997537612915"
"10115","-0.12248343974351883","-0.12248343974351883","-0.12248343974351883"
"10139","-0.1213032603263855","-0.1213032603263855","-0.1213032603263855"
"10163","-0.11842285096645355","-0.11842285096645355","-0.11842285096645355"
"10187","-0.11651573330163956","-0.11651573330163956","-0.11651573330163956"
"10211","-0.11680199950933456","-0.11680199950933456","-0.11680199950933456"
"10235","-0.11704564839601517","-0.11704564839601517","-0.11704564839601517"
"10259","-0.11490261554718018","-0.11490261554718018","-0.11490261554718018"
"10283","-0.11419744789600372","-0.11419744789600372","-0.11419744789600372"
"10307","-0.11431415379047394","-0.11431415379047394","-0.11431415379047394"
"10331","-0.11363834142684937","-0.11363834142684937","-0.11363834142684937"
"10355","-0.11408449709415436","-0.11408449709415436","-0.11408449709415436"
"10379","-0.11328230053186417","-0.11328230053186417","-0.11328230053186417"
"10403","-0.11268982291221619","-0.11268982291221619","-0.11268982291221619"
"10427","-0.11095063388347626","-0.11095063388347626","-0.11095063388347626"
"10451","-0.11348868906497955","-0.11348868906497955","-0.11348868906497955"
"10475","-0.11085525155067444","-0.11085525155067444","-0.11085525155067444"
"10499","-0.11215082556009293","-0.11215082556009293","-0.11215082556009293"
"10523","-0.11094515770673752","-0.11094515770673752","-0.11094515770673752"
"10547","-0.11146185547113419","-0.11146185547113419","-0.11146185547113419"
"10571","-0.11296267807483673","-0.11296267807483673","-0.11296267807483673"
"10595","-0.11350653320550919","-0.11350653320550919","-0.11350653320550919"
"10619","-0.11352547258138657","-0.11352547258138657","-0.11352547258138657"
"10643","-0.11651308089494705","-0.11651308089494705","-0.11651308089494705"
"10667","-0.11690393090248108","-0.11690393090248108","-0.11690393090248108"
"10691","-0.11808441579341888","-0.11808441579341888","-0.11808441579341888"
"10715","-0.11581084877252579","-0.11581084877252579","-0.11581084877252579"
"10739","-0.11433377116918564","-0.11433377116918564","-0.11433377116918564"
"10763","-0.11457006633281708","-0.11457006633281708","-0.11457006633281708"
"10787","-0.11285825073719025","-0.11285825073719025","-0.11285825073719025"
"10811","-0.11321417987346649","-0.11321417987346649","-0.11321417987346649"
"10835","-0.11301837861537933","-0.11301837861537933","-0.11301837861537933"
"10859","-0.11242508143186569","-0.11242508143186569","-0.11242508143186569"
"10883","-0.11156067252159119","-0.11156067252159119","-0.11156067252159119"
"10907","-0.11269783228635788","-0.11269783228635788","-0.11269783228635788"
"10931","-0.11287903040647507","-0.11287903040647507","-0.11287903040647507"
"10955","-0.1117159053683281","-0.1117159053683281","-0.1117159053683281"
"10979","-0.11239016056060791","-0.11239016056060791","-0.11239016056060791"
"11003","-0.11134378612041473","-0.11134378612041473","-0.11134378612041473"
"11027","-0.11088398844003677","-0.11088398844003677","-0.11088398844003677"
"11051","-0.11225926876068115","-0.11225926876068115","-0.11225926876068115"
"11075","-0.11222921311855316","-0.11222921311855316","-0.11222921311855316"
"11099","-0.11132238805294037","-0.11132238805294037","-0.11132238805294037"
"11123","-0.1114814430475235","-0.1114814430475235","-0.1114814430475235"
"11147","-0.11294422298669815","-0.11294422298669815","-0.11294422298669815"
"11171","-0.11291923373937607","-0.11291923373937607","-0.11291923373937607"
"11195","-0.11319299042224884","-0.11319299042224884","-0.11319299042224884"
"11219","-0.1124148964881897","-0.1124148964881897","-0.1124148964881897"
"11243","-0.11404675990343094","-0.11404675990343094","-0.11404675990343094"
"11267","-0.11161907762289047","-0.11161907762289047","-0.11161907762289047"
"11291","-0.11276768893003464","-0.11276768893003464","-0.11276768893003464"
"11315","-0.11364340782165527","-0.11364340782165527","-0.11364340782165527"
"11339","-0.11311172693967819","-0.11311172693967819","-0.11311172693967819"
"11363","-0.1132916733622551","-0.1132916733622551","-0.1132916733622551"
"11387","-0.11202270537614822","-0.11202270537614822","-0.11202270537614822"
"11411","-0.11153925210237503","-0.11153925210237503","-0.11153925210237503"
"11435","-0.11200777441263199","-0.11200777441263199","-0.11200777441263199"
"11459","-0.11423999071121216","-0.11423999071121216","-0.11423999071121216"
"11483","-0.11381717771291733","-0.11381717771291733","-0.11381717771291733"
"11507","-0.11472693830728531","-0.11472693830728531","-0.11472693830728531"
"11531","-0.11293388903141022","-0.11293388903141022","-0.11293388903141022"
"11555","-0.11371633410453796","-0.11371633410453796","-0.11371633410453796"
"11579","-0.11192578822374344","-0.11192578822374344","-0.11192578822374344"
"11603","-0.1111239343881607","-0.1111239343881607","-0.1111239343881607"
"11627","-0.11217384040355682","-0.11217384040355682","-0.11217384040355682"
"11651","-0.11120191216468811","-0.11120191216468811","-0.11120191216468811"
"11675","-0.11136655509471893","-0.11136655509471893","-0.11136655509471893"
"11699","-0.11160597205162048","-0.11160597205162048","-0.11160597205162048"
"11723","-0.11274756491184235","-0.11274756491184235","-0.11274756491184235"
"11747","-0.11567714810371399","-0.11567714810371399","-0.11567714810371399"
"11771","-0.11938727647066116","-0.11938727647066116","-0.11938727647066116"
"11795","-0.11594673246145248","-0.11594673246145248","-0.11594673246145248"
"11819","-0.11482171714305878","-0.11482171714305878","-0.11482171714305878"
"11843","-0.1167108491063118","-0.1167108491063118","-0.1167108491063118"
"11867","-0.11363564431667328","-0.11363564431667328","-0.11363564431667328"
"11891","-0.11146161705255508","-0.11146161705255508","-0.11146161705255508"
"11915","-0.11228186637163162","-0.11228186637163162","-0.11228186637163162"
"11939","-0.11084575951099396","-0.11084575951099396","-0.11084575951099396"
"11963","-0.10934187471866608","-0.10934187471866608","-0.10934187471866608"
"11987","-0.1106756255030632","-0.1106756255030632","-0.1106756255030632"
"12011","-0.10987915098667145","-0.10987915098667145","-0.10987915098667145"
"12035","-0.10932047665119171","-0.10932047665119171","-0.10932047665119171"
"12059","-0.11018428951501846","-0.11018428951501846","-0.11018428951501846"
"12083","-0.10961788147687912","-0.10961788147687912","-0.10961788147687912"
"12107","-0.11116611212491989","-0.11116611212491989","-0.11116611212491989"
"12131","-0.11277992278337479","-0.11277992278337479","-0.11277992278337479"
"12155","-0.11123938113451004","-0.11123938113451004","-0.11123938113451004"
"12179","-0.10941305011510849","-0.10941305011510849","-0.10941305011510849"
"12203","-0.10942981392145157","-0.10942981392145157","-0.10942981392145157"
"12227","-0.11102888733148575","-0.11102888733148575","-0.11102888733148575"
"12251","-0.11132257431745529","-0.11132257431745529","-0.11132257431745529"
"12275","-0.1089688315987587","-0.1089688315987587","-0.1089688315987587"
"12299","-0.10989326238632202","-0.10989326238632202","-0.10989326238632202"
"12323","-0.10892976075410843","-0.10892976075410843","-0.10892976075410843"
"12347","-0.10894954204559326","-0.10894954204559326","-0.10894954204559326"
"12371","-0.10902813822031021","-0.10902813822031021","-0.10902813822031021"
"12395","-0.1092170774936676","-0.1092170774936676","-0.1092170774936676"
"12419","-0.11312977969646454","-0.11312977969646454","-0.11312977969646454"
"12443","-0.11260249465703964","-0.11260249465703964","-0.11260249465703964"
"12467","-0.11186613142490387","-0.11186613142490387","-0.11186613142490387"
"12491","-0.11267749965190887","-0.11267749965190887","-0.11267749965190887"
"12515","-0.11136035621166229","-0.11136035621166229","-0.11136035621166229"
"12539","-0.11148529499769211","-0.11148529499769211","-0.11148529499769211"
"12563","-0.1108059212565422","-0.1108059212565422","-0.1108059212565422"
"12587","-0.11109938472509384","-0.11109938472509384","-0.11109938472509384"
"12611","-0.11028414964675903","-0.11028414964675903","-0.11028414964675903"
"12635","-0.10931046307086945","-0.10931046307086945","-0.10931046307086945"
"12659","-0.10641840100288391","-0.10641840100288391","-0.10641840100288391"
"12683","-0.10810306668281555","-0.10810306668281555","-0.10810306668281555"
"12707","-0.10755343735218048","-0.10755343735218048","-0.10755343735218048"
"12731","-0.1076185330748558","-0.1076185330748558","-0.1076185330748558"
"12755","-0.10816334187984467","-0.10816334187984467","-0.10816334187984467"
"12779","-0.10779266059398651","-0.10779266059398651","-0.10779266059398651"
"12803","-0.10745933651924133","-0.10745933651924133","-0.10745933651924133"
"12827","-0.10820943862199783","-0.10820943862199783","-0.10820943862199783"
"12851","-0.10875047743320465","-0.10875047743320465","-0.10875047743320465"
"12875","-0.10927892476320267","-0.10927892476320267","-0.10927892476320267"
"12899","-0.10928285866975784","-0.10928285866975784","-0.10928285866975784"
"12923","-0.11010872572660446","-0.11010872572660446","-0.11010872572660446"
"12947","-0.10704916715621948","-0.10704916715621948","-0.10704916715621948"
"12971","-0.10824666172266006","-0.10824666172266006","-0.10824666172266006"
"12995","-0.10795295983552933","-0.10795295983552933","-0.10795295983552933"
"13019","-0.10850540548563004","-0.10850540548563004","-0.10850540548563004"
"13043","-0.1070452407002449","-0.1070452407002449","-0.1070452407002449"
"13067","-0.1095297709107399","-0.1095297709107399","-0.1095297709107399"
"13091","-0.11044207215309143","-0.11044207215309143","-0.11044207215309143"
"13115","-0.1141452044248581","-0.1141452044248581","-0.1141452044248581"
"13139","-0.11260861158370972","-0.11260861158370972","-0.11260861158370972"
"13163","-0.11194334179162979","-0.11194334179162979","-0.11194334179162979"
"13187","-0.10950777679681778","-0.10950777679681778","-0.10950777679681778"
"13211","-0.11158125847578049","-0.11158125847578049","-0.11158125847578049"
"13235","-0.10890495032072067","-0.10890495032072067","-0.10890495032072067"
"13259","-0.11071351170539856","-0.11071351170539856","-0.11071351170539856"
"13283","-0.11107472330331802","-0.11107472330331802","-0.11107472330331802"
"13307","-0.1101006343960762","-0.1101006343960762","-0.1101006343960762"
"13331","-0.10940873622894287","-0.10940873622894287","-0.10940873622894287"
"13355","-0.11236453801393509","-0.11236453801393509","-0.11236453801393509"
"13379","-0.10980582982301712","-0.10980582982301712","-0.10980582982301712"
"13403","-0.11268766969442368","-0.11268766969442368","-0.11268766969442368"
"13427","-0.11122019588947296","-0.11122019588947296","-0.11122019588947296"
"13451","-0.11077035218477249","-0.11077035218477249","-0.11077035218477249"
"13475","-0.11188389360904694","-0.11188389360904694","-0.11188389360904694"
"13499","-0.11231609433889389","-0.11231609433889389","-0.11231609433889389"
"13523","-0.1123739555478096","-0.1123739555478096","-0.1123739555478096"
"13547","-0.11279448121786118","-0.11279448121786118","-0.11279448121786118"
"13571","-0.1116473451256752","-0.1116473451256752","-0.1116473451256752"
"13595","-0.11121204495429993","-0.11121204495429993","-0.11121204495429993"
"13619","-0.1112070381641388","-0.1112070381641388","-0.1112070381641388"
"13643","-0.11173302680253983","-0.11173302680253983","-0.11173302680253983"
"13667","-0.11066894978284836","-0.11066894978284836","-0.11066894978284836"
"13691","-0.1093464270234108","-0.1093464270234108","-0.1093464270234108"
"13715","-0.10925882309675217","-0.10925882309675217","-0.10925882309675217"
"13739","-0.11022480577230453","-0.11022480577230453","-0.11022480577230453"
"13763","-0.10923592001199722","-0.10923592001199722","-0.10923592001199722"
"13787","-0.10885703563690186","-0.10885703563690186","-0.10885703563690186"
"13811","-0.1091674417257309","-0.1091674417257309","-0.1091674417257309"
"13835","-0.10972809791564941","-0.10972809791564941","-0.10972809791564941"
"13859","-0.10969341546297073","-0.10969341546297073","-0.10969341546297073"
"13883","-0.10936202853918076","-0.10936202853918076","-0.10936202853918076"
"13907","-0.10990183800458908","-0.10990183800458908","-0.10990183800458908"
"13931","-0.10912062227725983","-0.10912062227725983","-0.10912062227725983"
"13955","-0.10963423550128937","-0.10963423550128937","-0.10963423550128937"
"13979","-0.11054037511348724","-0.11054037511348724","-0.11054037511348724"
"14003","-0.10866764187812805","-0.10866764187812805","-0.10866764187812805"
"14027","-0.10873182862997055","-0.10873182862997055","-0.10873182862997055"
"14051","-0.107795849442482","-0.107795849442482","-0.107795849442482"
"14075","-0.10731188952922821","-0.10731188952922821","-0.10731188952922821"
"14099","-0.10775880515575409","-0.10775880515575409","-0.10775880515575409"
"14123","-0.10779811441898346","-0.10779811441898346","-0.10779811441898346"
"14147","-0.10742202401161194","-0.10742202401161194","-0.10742202401161194"
"14171","-0.10835503041744232","-0.10835503041744232","-0.10835503041744232"
"14195","-0.10811062902212143","-0.10811062902212143","-0.10811062902212143"
"14219","-0.10908441990613937","-0.10908441990613937","-0.10908441990613937"
"14243","-0.10616880655288696","-0.10616880655288696","-0.10616880655288696"
"14267","-0.10559097677469254","-0.10559097677469254","-0.10559097677469254"
"14291","-0.10518146306276321","-0.10518146306276321","-0.10518146306276321"
"14315","-0.10568965971469879","-0.10568965971469879","-0.10568965971469879"
"14339","-0.10675844550132751","-0.10675844550132751","-0.10675844550132751"
"14363","-0.1042514517903328","-0.1042514517903328","-0.1042514517903328"
"14387","-0.10493988543748856","-0.10493988543748856","-0.10493988543748856"
"14411","-0.10559637099504471","-0.10559637099504471","-0.10559637099504471"
"14435","-0.10460948199033737","-0.10460948199033737","-0.10460948199033737"
"14459","-0.10463707894086838","-0.10463707894086838","-0.10463707894086838"
"14483","-0.10597436875104904","-0.10597436875104904","-0.10597436875104904"
"14507","-0.10704688727855682","-0.10704688727855682","-0.10704688727855682"
"14531","-0.10582705587148666","-0.10582705587148666","-0.10582705587148666"
"14555","-0.10585875809192657","-0.10585875809192657","-0.10585875809192657"
"14579","-0.10171248763799667","-0.10171248763799667","-0.10171248763799667"
"14603","-0.10257521271705627","-0.10257521271705627","-0.10257521271705627"
"14627","-0.10280275344848633","-0.10280275344848633","-0.10280275344848633"
"14651","-0.10467154532670975","-0.10467154532670975","-0.10467154532670975"
"14675","-0.10487066209316254","-0.10487066209316254","-0.10487066209316254"
"14699","-0.1048431396484375","-0.1048431396484375","-0.1048431396484375"
"14723","-0.1050492376089096","-0.1050492376089096","-0.1050492376089096"
"14747","-0.10603608936071396","-0.10603608936071396","-0.10603608936071396"
"14771","-0.10464229434728622","-0.10464229434728622","-0.10464229434728622"
"14795","-0.10555515438318253","-0.10555515438318253","-0.10555515438318253"
"14819","-0.10590851306915283","-0.10590851306915283","-0.10590851306915283"
"14843","-0.10579805821180344","-0.10579805821180344","-0.10579805821180344"
"14867","-0.10438812524080276","-0.10438812524080276","-0.10438812524080276"
"14891","-0.10299987345933914","-0.10299987345933914","-0.10299987345933914"
"14915","-0.10270970314741135","-0.10270970314741135","-0.10270970314741135"
"14939","-0.10508947819471359","-0.10508947819471359","-0.10508947819471359"
"14963","-0.10551314800977707","-0.10551314800977707","-0.10551314800977707"
"14987","-0.10356749594211578","-0.10356749594211578","-0.10356749594211578"
"15011","-0.10447387397289276","-0.10447387397289276","-0.10447387397289276"
"15035","-0.10232260823249817","-0.10232260823249817","-0.10232260823249817"
"15059","-0.10376422107219696","-0.10376422107219696","-0.10376422107219696"
"15083","-0.10282164812088013","-0.10282164812088013","-0.10282164812088013"
"15107","-0.10527471452951431","-0.10527471452951431","-0.10527471452951431"
"15131","-0.10602768510580063","-0.10602768510580063","-0.10602768510580063"
"15155","-0.10574546456336975","-0.10574546456336975","-0.10574546456336975"
"15179","-0.10711739957332611","-0.10711739957332611","-0.10711739957332611"
"15203","-0.10723178088665009","-0.10723178088665009","-0.10723178088665009"
"15227","-0.10900038480758667","-0.10900038480758667","-0.10900038480758667"
"15251","-0.1069168671965599","-0.1069168671965599","-0.1069168671965599"
"15275","-0.10816224664449692","-0.10816224664449692","-0.10816224664449692"
"15299","-0.10663584619760513","-0.10663584619760513","-0.10663584619760513"
"15323","-0.10604976862668991","-0.10604976862668991","-0.10604976862668991"
"15347","-0.10421589016914368","-0.10421589016914368","-0.10421589016914368"
"15371","-0.10607726126909256","-0.10607726126909256","-0.10607726126909256"
"15395","-0.10450103133916855","-0.10450103133916855","-0.10450103133916855"
"15419","-0.1031152606010437","-0.1031152606010437","-0.1031152606010437"
"15443","-0.1029708981513977","-0.1029708981513977","-0.1029708981513977"
"15467","-0.104376420378685","-0.104376420378685","-0.104376420378685"
"15491","-0.10184108465909958","-0.10184108465909958","-0.10184108465909958"
"15515","-0.10359828919172287","-0.10359828919172287","-0.10359828919172287"
"15539","-0.10208854079246521","-0.10208854079246521","-0.10208854079246521"
"15563","-0.0991276428103447","-0.0991276428103447","-0.0991276428103447"
"15587","-0.1004817932844162","-0.1004817932844162","-0.1004817932844162"
"15611","-0.10117079317569733","-0.10117079317569733","-0.10117079317569733"
"15635","-0.10052384436130524","-0.10052384436130524","-0.10052384436130524"
"15659","-0.0991029366850853","-0.0991029366850853","-0.0991029366850853"
"15683","-0.09868431091308594","-0.09868431091308594","-0.09868431091308594"
"15707","-0.09789393097162247","-0.09789393097162247","-0.09789393097162247"
"15731","-0.09719403088092804","-0.09719403088092804","-0.09719403088092804"
"15755","-0.09585826843976974","-0.09585826843976974","-0.09585826843976974"
"15779","-0.09747782349586487","-0.09747782349586487","-0.09747782349586487"
"15803","-0.09873306751251221","-0.09873306751251221","-0.09873306751251221"
"15827","-0.09780619293451309","-0.09780619293451309","-0.09780619293451309"
"15851","-0.09874685853719711","-0.09874685853719711","-0.09874685853719711"
"15875","-0.09901243448257446","-0.09901243448257446","-0.09901243448257446"
"15899","-0.09640153497457504","-0.09640153497457504","-0.09640153497457504"
"15923","-0.09738568216562271","-0.09738568216562271","-0.09738568216562271"
"15947","-0.0982895940542221","-0.0982895940542221","-0.0982895940542221"
"15971","-0.0976470485329628","-0.0976470485329628","-0.0976470485329628"
"15995","-0.09657908976078033","-0.09657908976078033","-0.09657908976078033"
"16019","-0.09882411360740662","-0.09882411360740662","-0.09882411360740662"
"16043","-0.09845367819070816","-0.09845367819070816","-0.09845367819070816"
"16067","-0.0986870527267456","-0.0986870527267456","-0.0986870527267456"
"16091","-0.09820455312728882","-0.09820455312728882","-0.09820455312728882"
"16115","-0.09864018857479095","-0.09864018857479095","-0.09864018857479095"
"16139","-0.09931713342666626","-0.09931713342666626","-0.09931713342666626"
"16163","-0.0992073267698288","-0.0992073267698288","-0.0992073267698288"
"16187","-0.09989593178033829","-0.09989593178033829","-0.09989593178033829"
"16211","-0.09841908514499664","-0.09841908514499664","-0.09841908514499664"
"16235","-0.09981152415275574","-0.09981152415275574","-0.09981152415275574"
"16259","-0.10084158927202225","-0.10084158927202225","-0.10084158927202225"
"16283","-0.09934154897928238","-0.09934154897928238","-0.09934154897928238"
"16307","-0.09753628820180893","-0.09753628820180893","-0.09753628820180893"
"16331","-0.09689552336931229","-0.09689552336931229","-0.09689552336931229"
"16355","-0.09702244400978088","-0.09702244400978088","-0.09702244400978088"
"16379","-0.09998432546854019","-0.09998432546854019","-0.09998432546854019"
"16403","-0.1004958227276802","-0.1004958227276802","-0.1004958227276802"
"16427","-0.10070132464170456","-0.10070132464170456","-0.10070132464170456"
"16451","-0.10072075575590134","-0.10072075575590134","-0.10072075575590134"
"16475","-0.10128118842840195","-0.10128118842840195","-0.10128118842840195"
"16499","-0.09650817513465881","-0.09650817513465881","-0.09650817513465881"
"16523","-0.09809587895870209","-0.09809587895870209","-0.09809587895870209"
"16547","-0.10013384371995926","-0.10013384371995926","-0.10013384371995926"
"16571","-0.10123515874147415","-0.10123515874147415","-0.10123515874147415"
"16595","-0.10172861069440842","-0.10172861069440842","-0.10172861069440842"
"16619","-0.10024681687355042","-0.10024681687355042","-0.10024681687355042"
"16643","-0.09925322979688644","-0.09925322979688644","-0.09925322979688644"
"16667","-0.0978504940867424","-0.0978504940867424","-0.0978504940867424"
"16691","-0.09714409708976746","-0.09714409708976746","-0.09714409708976746"
"16715","-0.09937970340251923","-0.09937970340251923","-0.09937970340251923"
"16739","-0.10044652223587036","-0.10044652223587036","-0.10044652223587036"
"16763","-0.10098109394311905","-0.10098109394311905","-0.10098109394311905"
"16787","-0.10138168185949326","-0.10138168185949326","-0.10138168185949326"
"16811","-0.10093637555837631","-0.10093637555837631","-0.10093637555837631"
"16835","-0.10101192444562912","-0.10101192444562912","-0.10101192444562912"
"16859","-0.10195489972829819","-0.10195489972829819","-0.10195489972829819"
"16883","-0.10197862982749939","-0.10197862982749939","-0.10197862982749939"
"16907","-0.10334856808185577","-0.10334856808185577","-0.10334856808185577"
"16931","-0.10379666090011597","-0.10379666090011597","-0.10379666090011597"
"16955","-0.10194476693868637","-0.10194476693868637","-0.10194476693868637"
"16979","-0.1022462248802185","-0.1022462248802185","-0.1022462248802185"
"17003","-0.10170921683311462","-0.10170921683311462","-0.10170921683311462"
"17027","-0.1031949445605278","-0.1031949445605278","-0.1031949445605278"
"17051","-0.10599079728126526","-0.10599079728126526","-0.10599079728126526"
"17075","-0.10533562302589417","-0.10533562302589417","-0.10533562302589417"
"17099","-0.10543888807296753","-0.10543888807296753","-0.10543888807296753"
"17123","-0.10749116539955139","-0.10749116539955139","-0.10749116539955139"
"17147","-0.10586469620466232","-0.10586469620466232","-0.10586469620466232"