Timestamp,rltrp.sm,rltrp.x,rltrp.y,rltrp.z,rltte.x,rltte.y,rltte.z
69074,1,0.03450914844870567,-0.0013191162142902613,-0.479110449552536,-0.031330715864896774,0.0019759400747716427,0.479110449552536
69094,1,0.03448096662759781,-0.0013131607556715608,-0.4790985584259033,-0.015629542991518974,0.005108082666993141,0.4790985584259033
69114,1,0.03441088646650314,-0.0013119287323206663,-0.47910094261169434,-0.0002539306879043579,0.007995076477527618,0.47910094261169434
69134,1,0.03430144116282463,-0.0013105738908052444,-0.47906482219696045,0.014790818095207214,0.010623974725604057,0.47906482219696045
69154,1,0.03416786342859268,-0.0013035170268267393,-0.4789596498012543,0.029486969113349915,0.012982035987079144,0.4789596498012543
69174,1,0.03402988612651825,-0.0013015485601499677,-0.4787830114364624,0.043812528252601624,0.015073799528181553,0.4787830114364624
69194,1,0.03392742946743965,-0.0013202979462221265,-0.4784173369407654,0.05772559717297554,0.016909556463360786,0.4784173369407654
69214,1,0.033781953155994415,-0.0013278101105242968,-0.4778856039047241,0.07130298763513565,0.018452875316143036,0.4778856039047241
69234,1,0.03369709849357605,-0.0013582032406702638,-0.4768150746822357,0.08443955332040787,0.019734259694814682,0.4768150746822357
69254,1,0.03383756801486015,-0.001415875507518649,-0.4747087061405182,0.0969693511724472,0.020755335688591003,0.4747087061405182
69274,1,0.03459667041897774,-0.0015250155702233315,-0.4709840416908264,0.10849808156490326,0.021538328379392624,0.4709840416908264
69294,1,0.03640183433890343,-0.0017366352258250117,-0.4660702049732208,0.11859756708145142,0.022133106365799904,0.4660702049732208
69314,1,0.03937935456633568,-0.0021086211781948805,-0.46069952845573425,0.12714092433452606,0.02259715646505356,0.46069952845573425
69334,1,0.04404168948531151,-0.002591146621853113,-0.4547465443611145,0.1336154341697693,0.022881027311086655,0.4547465443611145
69354,1,0.05079429969191551,-0.00321431877091527,-0.4484395980834961,0.13549578189849854,0.02313668467104435,0.4484395980834961
69374,1,0.05983731895685196,-0.003867905354127288,-0.44187143445014954,0.13689839839935303,0.023071615025401115,0.44187143445014954
69394,1,0.07162371277809143,-0.004562756512314081,-0.4348934292793274,0.1351739764213562,0.022761991247534752,0.4348934292793274
69414,1,0.08558417111635208,-0.005055840127170086,-0.42749595642089844,0.13089242577552795,0.02196786180138588,0.42749595642089844
69434,1,0.10152414441108704,-0.005196604412049055,-0.4196430444717407,0.12424902617931366,0.02054239809513092,0.4196430444717407
69455,1,0.12016527354717255,-0.005200836341828108,-0.41025763750076294,0.1162605732679367,0.018305044621229172,0.41025763750076294
69474,1,0.1397973597049713,-0.00505679938942194,-0.39960527420043945,0.1034262478351593,0.016451183706521988,0.39960527420043945
69494,1,0.16057194769382477,-0.0045556677505373955,-0.38785320520401,0.09080813825130463,0.013575448654592037,0.38785320520401
69514,1,0.18132692575454712,-0.003926227334886789,-0.37502914667129517,0.07783254981040955,0.010313523933291435,0.37502914667129517
69534,1,0.20238937437534332,-0.0031921539921313524,-0.3607887029647827,0.06417416036128998,0.006695796735584736,0.3607887029647827
69554,1,0.22340050339698792,-0.002417993266135454,-0.34523719549179077,0.050193846225738525,0.002794091124087572,0.34523719549179077
69574,1,0.24388138949871063,-0.0016017449088394642,-0.3286179304122925,0.036372676491737366,-0.0013858112506568432,0.3286179304122925
69594,1,0.263529509305954,-0.0007068990380503237,-0.3111794590950012,0.02301555871963501,-0.005872105248272419,0.3111794590950012
69614,1,0.28203284740448,0.00035073640174232423,-0.29331880807876587,0.010437071323394775,-0.010740227997303009,0.29331880807876587
69634,1,0.2991231679916382,0.0014088460011407733,-0.2745376527309418,-0.0010916590690612793,-0.015818633139133453,0.2745376527309418
69654,1,0.31532981991767883,0.003041826654225588,-0.25743910670280457,-0.012097209692001343,-0.02167203277349472,0.25743910670280457
69674,1,0.32959967851638794,0.004651189316064119,-0.24018007516860962,-0.021523237228393555,-0.027691856026649475,0.24018007516860962
69694,1,0.3422600030899048,0.00632678996771574,-0.22388285398483276,-0.02969372272491455,-0.03395746275782585,0.22388285398483276
69714,1,0.3529999852180481,0.007928148843348026,-0.20937299728393555,-0.03629446029663086,-0.04031752049922943,0.20937299728393555
69734,1,0.361612468957901,0.009264311753213406,-0.1969570517539978,-0.04111456871032715,-0.0465698167681694,0.1969570517539978
69754,1,0.36865055561065674,0.010317969135940075,-0.1861048936843872,-0.04470345377922058,-0.05268550291657448,0.1861048936843872
69774,1,0.3746938705444336,0.011043624021112919,-0.1759069561958313,-0.04823184013366699,-0.05755780637264252,0.1759069561958313
69795,1,0.37933963537216187,0.011229061521589756,-0.1669577658176422,-0.050035953521728516,-0.06303767114877701,0.1669577658176422
69814,1,0.3824957311153412,0.01059213187545538,-0.15860643982887268,-0.05068209767341614,-0.06780700385570526,0.15860643982887268
69834,1,0.3856889307498932,0.009478849358856678,-0.15082934498786926,-0.051692575216293335,-0.07219917327165604,0.15082934498786926
69854,1,0.38865527510643005,0.007924270816147327,-0.14380857348442078,-0.052016884088516235,-0.07597935944795609,0.14408791065216064
69875,1,0.389504611492157,0.005132438614964485,-0.13789322972297668,-0.051835983991622925,-0.08024980127811432,0.13789322972297668
69895,1,0.3907337486743927,0.0019510291749611497,-0.13209950923919678,-0.0521070659160614,-0.08165242522954941,0.13209950923919678
69914,1,0.3923433721065521,-0.0015019408892840147,-0.1264532506465912,-0.05279648303985596,-0.08397021144628525,0.1264532506465912
69934,1,0.3932696282863617,-0.005888332612812519,-0.12140098214149475,-0.05310565233230591,-0.08538710325956345,0.12140098214149475
69954,1,0.3940548002719879,-0.010341810062527657,-0.11738890409469604,-0.053571850061416626,-0.0867556780576706,0.11738890409469604
69974,1,0.3951307535171509,-0.015317988581955433,-0.11359068751335144,-0.05462145805358887,-0.0876062661409378,0.11359068751335144
69994,1,0.39660465717315674,-0.020716868340969086,-0.11022797226905823,-0.05635616183280945,-0.08802484720945358,0.11022797226905823
70014,1,0.39851483702659607,-0.026458000764250755,-0.10718411207199097,-0.058808743953704834,-0.08807771652936935,0.10718411207199097
70034,1,0.4013204276561737,-0.03232136368751526,-0.10422155261039734,-0.06243258714675903,-0.08797071874141693,0.10422155261039734
70054,1,0.4037935137748718,-0.03898482397198677,-0.10186481475830078,-0.06599405407905579,-0.0870116800069809,0.10186481475830078
70074,1,0.4074814021587372,-0.04556873440742493,-0.09934327006340027,-0.07103437185287476,-0.08606600761413574,0.09934327006340027
70095,1,0.41204920411109924,-0.052520304918289185,-0.09678146243095398,-0.07721272110939026,-0.08467230200767517,0.09678146243095398
70114,1,0.4169566035270691,-0.059782277792692184,-0.09431633353233337,-0.08359017968177795,-0.08178912103176117,0.09431633353233337
70134,1,0.4230090379714966,-0.06823514401912689,-0.09141778945922852,-0.09170222282409668,-0.07871335744857788,0.09141778945922852
70154,1,0.42881810665130615,-0.07591386139392853,-0.08876809477806091,-0.09981131553649902,-0.07629156112670898,0.08876809477806091
70174,1,0.4349156618118286,-0.08371385186910629,-0.08596330881118774,-0.10844308137893677,-0.07361403852701187,0.08596330881118774
70194,1,0.44090113043785095,-0.09137696027755737,-0.08305543661117554,-0.11719051003456116,-0.07092517614364624,0.08305543661117554
70214,1,0.447304368019104,-0.09972434490919113,-0.07972371578216553,-0.1265767216682434,-0.06738973408937454,0.07972371578216553
70234,1,0.45376595854759216,-0.1084354817867279,-0.07590624690055847,-0.13623550534248352,-0.06331455707550049,0.07590624690055847
70254,1,0.45652249455451965,-0.11221546679735184,-0.07405540347099304,-0.14239707589149475,-0.06398092955350876,0.07405540347099304
70274,1,0.46351221203804016,-0.12373318523168564,-0.06976518034934998,-0.15299245715141296,-0.05670670419931412,0.06976518034934998
70294,1,0.4656364619731903,-0.12696239352226257,-0.06794425845146179,-0.1589161455631256,-0.05750465393066406,0.06794425845146179
70314,1,0.47073644399642944,-0.13794562220573425,-0.06377363204956055,-0.168002188205719,-0.05031934380531311,0.06377363204956055
70334,1,0.47345343232154846,-0.14517492055892944,-0.06113487482070923,-0.17488518357276917,-0.04664584994316101,0.06113487482070923
70354,1,0.47538432478904724,-0.1520424783229828,-0.058769792318344116,-0.18115457892417908,-0.04307961463928223,0.058769792318344116
70374,1,0.476730078458786,-0.15904869139194489,-0.056414514780044556,-0.18609073758125305,-0.03852297365665436,0.056414514780044556
70394,1,0.47736766934394836,-0.16569729149341583,-0.05430731177330017,-0.19135919213294983,-0.034686848521232605,0.05430731177330017
70414,1,0.4774090349674225,-0.17239931225776672,-0.052311480045318604,-0.19618383049964905,-0.030509144067764282,0.052311480045318604
70434,1,0.47689419984817505,-0.1787983477115631,-0.05052348971366882,-0.20059734582901,-0.026335030794143677,0.05052348971366882
70454,1,0.4758511483669281,-0.1852937787771225,-0.04873955249786377,-0.2046200931072235,-0.02175404131412506,0.04873955249786377
70474,1,0.47516128420829773,-0.18840338289737701,-0.047903746366500854,-0.20912614464759827,-0.020237669348716736,0.047903746366500854
70494,1,0.47295328974723816,-0.19640721380710602,-0.045692771673202515,-0.21223661303520203,-0.013495728373527527,0.045692771673202515
70514,1,0.47194960713386536,-0.1991695612668991,-0.04500344395637512,-0.21666625142097473,-0.011653795838356018,0.04500344395637512
70534,1,0.4682418406009674,-0.20771954953670502,-0.04307347536087036,-0.21849951148033142,-0.003673747181892395,0.04307347536087036
70554,1,0.46559154987335205,-0.2130163311958313,-0.04179075360298157,-0.2214900255203247,0.0014126300811767578,0.04179075360298157
70574,1,0.4626696705818176,-0.21816010773181915,-0.040457576513290405,-0.224301278591156,0.006714299321174622,0.040457576513290405
70594,1,0.45958584547042847,-0.22316871583461761,-0.03907877206802368,-0.22703498601913452,0.012256726622581482,0.03907877206802368
70614,1,0.45623573660850525,-0.22800062596797943,-0.03778374195098877,-0.22957953810691833,0.01800619065761566,0.03778374195098877
70634,1,0.4527146816253662,-0.23269081115722656,-0.03650665283203125,-0.23202228546142578,0.02400451898574829,0.03650665283203125
70654,1,0.44896039366722107,-0.23719733953475952,-0.03519013524055481,-0.23429331183433533,0.030216097831726074,0.03519013524055481
70674,1,0.44504019618034363,-0.24154497683048248,-0.033854007720947266,-0.23645195364952087,0.036671653389930725,0.033854007720947266
70694,1,0.44131192564964294,-0.2454645037651062,-0.03244262933731079,-0.23884853720664978,0.043107032775878906,0.03244262933731079
70714,1,0.4369560778141022,-0.2494484782218933,-0.031140565872192383,-0.2406560480594635,0.05001974105834961,0.031140565872192383
70734,1,0.43516817688941956,-0.2511270046234131,-0.030375897884368896,-0.24506178498268127,0.05504351854324341,0.030375897884368896
70755,1,0.42811354994773865,-0.25644415616989136,-0.028544992208480835,-0.24422356486320496,0.06412595510482788,0.028544992208480835
70775,1,0.42357924580574036,-0.2593783438205719,-0.027321845293045044,-0.2459208071231842,0.0712481439113617,0.027321845293045044
70794,1,0.41875383257865906,-0.2622215747833252,-0.026042133569717407,-0.24608609080314636,0.07774734497070312,0.026042133569717407
70814,1,0.4137214720249176,-0.26483210921287537,-0.024784743785858154,-0.24729254841804504,0.08531138300895691,0.024784743785858154
70834,1,0.40851274132728577,-0.2671610116958618,-0.023426026105880737,-0.2483161985874176,0.09301996231079102,0.023426026105880737
70854,1,0.4032836854457855,-0.2691338062286377,-0.022063493728637695,-0.249304860830307,0.10079848766326904,0.022063493728637695
70874,1,0.39769673347473145,-0.27085718512535095,-0.020570337772369385,-0.24991345405578613,0.10875371098518372,0.020570337772369385
70894,1,0.39193814992904663,-0.27227041125297546,-0.019040435552597046,-0.2503208518028259,0.11682233214378357,0.019040435552597046
70914,1,0.38968580961227417,-0.2727465331554413,-0.018140524625778198,-0.25419729948043823,0.12437531352043152,0.018140524625778198
70935,1,0.3833751380443573,-0.2736521065235138,-0.01638910174369812,-0.2539702355861664,0.13277605175971985,0.01638910174369812
70955,1,0.37701237201690674,-0.27415794134140015,-0.014487028121948242,-0.25363826751708984,0.14119106531143188,0.014487028121948242
70975,1,0.37052538990974426,-0.2741710841655731,-0.012551993131637573,-0.2531222403049469,0.14952227473258972,0.012551993131637573
70994,1,0.3638666272163391,-0.27380284667015076,-0.010778158903121948,-0.252366840839386,0.15787562727928162,0.010778158903121948
71014,1,0.3583081066608429,-0.27304479479789734,-0.009042888879776001,-0.2526363432407379,0.1662355363368988,0.009042888879776001
71034,1,0.3524421453475952,-0.2718556225299835,-0.007176727056503296,-0.252516508102417,0.1745528280735016,0.007176727056503296
71054,1,0.3470799922943115,-0.2702792286872864,-0.005284428596496582,-0.25280988216400146,0.18286269903182983,0.005284428596496582
71074,1,0.3409452736377716,-0.26823341846466064,-0.003439396619796753,-0.2522338926792145,0.19107425212860107,0.003439396619796753
71094,1,0.3352740705013275,-0.26581239700317383,-0.0014546513557434082,-0.25201699137687683,0.1992701292037964,0.0014546513557434082
71114,1,0.3289988040924072,-0.262879341840744,0.0004938244819641113,-0.25002479553222656,0.2050817906856537,-0.0004938244819641113
71134,1,0.3228657841682434,-0.25959354639053345,0.0023834705352783203,-0.2491397261619568,0.21303027868270874,-0.0023834705352783203
71155,1,0.3165205121040344,-0.2557964324951172,0.0042670369148254395,-0.2489270567893982,0.22314190864562988,-0.0042670369148254395
71175,1,0.3101092576980591,-0.25156769156455994,0.006167888641357422,-0.2464989423751831,0.22843262553215027,-0.006167888641357422
71196,1,0.30365532636642456,-0.24689751863479614,0.008047759532928467,-0.24585217237472534,0.23839300870895386,-0.008047759532928467
71214,1,0.29718634486198425,-0.24203555285930634,0.009651362895965576,-0.24313804507255554,0.2435060441493988,-0.009651362895965576
71234,1,0.291098415851593,-0.23696652054786682,0.011249780654907227,-0.24160629510879517,0.25113043189048767,-0.011249780654907227
71254,1,0.2851276099681854,-0.23168839514255524,0.012685298919677734,-0.2400331199169159,0.25875043869018555,-0.012685298919677734
71274,1,0.27906182408332825,-0.2260199636220932,0.014007806777954102,-0.23819902539253235,0.26613563299179077,-0.014007806777954102
71294,1,0.27292802929878235,-0.22003665566444397,0.015277743339538574,-0.23612549901008606,0.2733139991760254,-0.015277743339538574
71314,1,0.2669506371021271,-0.21384665369987488,0.01657348871231079,-0.23402932286262512,0.28034812211990356,-0.01657348871231079
71334,1,0.26059460639953613,-0.20718765258789062,0.01765608787536621,-0.231370210647583,0.2869319021701813,-0.01765608787536621
71354,1,0.2540138065814972,-0.20004110038280487,0.018694937229156494,-0.22829511761665344,0.2930048406124115,-0.018694937229156494
71374,1,0.24764484167099,-0.1928366869688034,0.019622623920440674,-0.22523444890975952,0.29895639419555664,-0.019622623920440674
71394,1,0.24087272584438324,-0.1849091500043869,0.020449697971343994,-0.22096310555934906,0.3014819920063019,-0.020449697971343994
71414,1,0.2341751754283905,-0.17666307091712952,0.02132236957550049,-0.21720358729362488,0.30618178844451904,-0.02132236957550049
71434,1,0.22798806428909302,-0.16861961781978607,0.022115707397460938,-0.21374112367630005,0.3109172582626343,-0.022115707397460938
71454,1,0.22161099314689636,-0.159912571310997,0.022937476634979248,-0.2098688781261444,0.3147886097431183,-0.022937476634979248
71474,1,0.2154116928577423,-0.15092313289642334,0.02370774745941162,-0.2059490978717804,0.31814488768577576,-0.02370774745941162
71494,1,0.20974138379096985,-0.1421949416399002,0.024449527263641357,-0.20232728123664856,0.32149946689605713,-0.024449527263641357
71514,1,0.20447564125061035,-0.13359782099723816,0.02511143684387207,-0.19887399673461914,0.32469305396080017,-0.02511143684387207
71534,1,0.19957205653190613,-0.12509773671627045,0.025609850883483887,-0.19554182887077332,0.3276643753051758,-0.025609850883483887
71554,1,0.19475586712360382,-0.11623217165470123,0.02601534128189087,-0.1920500546693802,0.329925537109375,-0.02601534128189087
71574,1,0.19006137549877167,-0.10703714191913605,0.026404500007629395,-0.18842868506908417,0.3314882516860962,-0.026404500007629395
71594,1,0.18545086681842804,-0.09744511544704437,0.026721477508544922,-0.1846345216035843,0.33226215839385986,-0.026721477508544922
71615,1,0.18056903779506683,-0.08683816343545914,0.026853561401367188,-0.18030844628810883,0.33160823583602905,-0.026853561401367188
71634,1,0.17626607418060303,-0.0767086073756218,0.027245044708251953,-0.17629565298557281,0.330998957157135,-0.027245044708251953
71655,1,0.17222455143928528,-0.0664430782198906,0.027883052825927734,-0.1722744107246399,0.32980281114578247,-0.027883052825927734
71674,1,0.16779260337352753,-0.054979726672172546,0.028097450733184814,-0.16759060323238373,0.3269405961036682,-0.028097450733184814
71694,1,0.16360916197299957,-0.04333213344216347,0.02860236167907715,-0.16288195550441742,0.32341083884239197,-0.02860236167907715
71714,1,0.1596778929233551,-0.031697988510131836,0.02909618616104126,-0.1581519991159439,0.3193967342376709,-0.02909618616104126
71734,1,0.15567849576473236,-0.019285300746560097,0.02961355447769165,-0.15308140218257904,0.3140934705734253,-0.02961355447769165
71754,1,0.15185576677322388,-0.006924388464540243,0.02980780601501465,-0.1479169726371765,0.3083195984363556,-0.02980780601501465
71774,1,0.14898081123828888,0.003520074998959899,0.030536651611328125,-0.14343276619911194,0.3039296567440033,-0.030536651611328125
71794,1,0.14551885426044464,0.016046253964304924,0.03072059154510498,-0.1384934037923813,0.29585757851600647,-0.03072059154510498
71814,1,0.1419665664434433,0.029523510485887527,0.030600130558013916,-0.1328609138727188,0.28745412826538086,-0.030600130558013916
71835,1,0.13887396454811096,0.041941121220588684,0.030641794204711914,-0.1269371658563614,0.280392050743103,-0.030641794204711914
71855,1,0.1355501413345337,0.05581922084093094,0.030087769031524658,-0.12152819335460663,0.26963549852371216,-0.030087769031524658
71874,1,0.13258931040763855,0.06904331594705582,0.029579102993011475,-0.11574515700340271,0.25980427861213684,-0.029579102993011475
71894,1,0.12967249751091003,0.08286092430353165,0.028880834579467773,-0.10977406054735184,0.24881085753440857,-0.028880834579467773
71914,1,0.1269696056842804,0.09632284939289093,0.028032660484313965,-0.10379362106323242,0.23760198056697845,-0.028032660484313965
71934,1,0.12422176450490952,0.1109989732503891,0.026886463165283203,-0.0975547581911087,0.22460658848285675,-0.026886463165283203
71954,1,0.122124582529068,0.12300410866737366,0.02589660882949829,-0.09176342934370041,0.21370941400527954,-0.02589660882949829
71974,1,0.11999844014644623,0.13635003566741943,0.024453580379486084,-0.08575107902288437,0.20089977979660034,-0.024453580379486084
71994,1,0.11821150779724121,0.14864279329776764,0.02286893129348755,-0.07989753782749176,0.1885732263326645,-0.02286893129348755
72014,1,0.11663004755973816,0.16083911061286926,0.021085381507873535,-0.07408154010772705,0.17577579617500305,-0.021085381507873535
72034,1,0.11521610617637634,0.17301835119724274,0.019009411334991455,-0.06827788054943085,0.1624317616224289,-0.019009411334991455
72054,1,0.113986536860466,0.18589960038661957,0.01659494638442993,-0.06251691281795502,0.14782686531543732,-0.01659494638442993
72074,1,0.1129995733499527,0.1977158635854721,0.014294445514678955,-0.05687079206109047,0.13373340666294098,-0.014294445514678955
72094,1,0.11224111169576645,0.2089550942182541,0.012023508548736572,-0.05133993551135063,0.1196698397397995,-0.012023508548736572
72114,1,0.11178098618984222,0.22017136216163635,0.009794056415557861,-0.04699037969112396,0.10580506920814514,-0.009794056415557861
72134,1,0.11151643842458725,0.23132629692554474,0.007518410682678223,-0.041787341237068176,0.09085993468761444,-0.007518410682678223
72154,1,0.11155395954847336,0.24167318642139435,0.005374610424041748,-0.036815792322158813,0.07619805634021759,-0.005374610424041748
72174,1,0.11189426481723785,0.2518669366836548,0.0031937360763549805,-0.032092370092868805,0.06117391586303711,-0.0031937360763549805
72194,1,0.11257174611091614,0.26037168502807617,0.0013200640678405762,-0.027667857706546783,0.04733377695083618,-0.0013200640678405762
72214,1,0.11360044032335281,0.2687447667121887,-0.000613093376159668,-0.023572809994220734,0.03313106298446655,0.000613093376159668
72234,1,0.11490710824728012,0.2764028310775757,-0.002503722906112671,-0.01975081115961075,0.019160717725753784,0.002503722906112671
72254,1,0.11658179759979248,0.2838044762611389,-0.0044806599617004395,-0.016308948397636414,0.004976779222488403,0.0044806599617004395
72274,1,0.11848720163106918,0.2905011773109436,-0.00641515851020813,-0.01312718540430069,-0.008959293365478516,0.00641515851020813
72294,1,0.1208246722817421,0.2973565459251404,-0.008499562740325928,-0.010424233973026276,-0.023497819900512695,0.008499562740325928
72315,1,0.12316577881574631,0.3030291199684143,-0.010497123003005981,-0.007789187133312225,-0.037283480167388916,0.010497123003005981
72335,1,0.1256042718887329,0.30816173553466797,-0.012498557567596436,-0.005333364009857178,-0.050943732261657715,0.012498557567596436
72354,1,0.12813255190849304,0.3127599060535431,-0.01446118950843811,-0.0030669420957565308,-0.06446895003318787,0.01446118950843811
72374,1,0.13072945177555084,0.31673160195350647,-0.01641562581062317,-0.0009864270687103271,-0.07775121927261353,0.01641562581062317
72394,1,0.1333397477865219,0.32010266184806824,-0.01838463544845581,4.900991916656494e-05,-0.0888359546661377,0.01838463544845581
72414,1,0.13617558777332306,0.3229374587535858,-0.020441561937332153,0.0016351193189620972,-0.1016305685043335,0.020441561937332153
72434,1,0.138892263174057,0.32489487528800964,-0.022268980741500854,0.003173813223838806,-0.11388477683067322,0.022268980741500854
72454,1,0.14156241714954376,0.3259831666946411,-0.023887425661087036,0.004574939608573914,-0.12558916211128235,0.023887425661087036
72474,1,0.14423419535160065,0.3262937068939209,-0.025379568338394165,0.00577293336391449,-0.13681679964065552,0.025379568338394165
72494,1,0.1467607468366623,0.32573994994163513,-0.026750832796096802,0.0076002031564712524,-0.14973542094230652,0.026750832796096802
72515,1,0.15024520456790924,0.3245488405227661,-0.028121650218963623,0.006828933954238892,-0.15773659944534302,0.028121650218963623
72536,1,0.1531975418329239,0.3223395049571991,-0.029248535633087158,0.007640957832336426,-0.16960623860359192,0.029248535633087158
72554,1,0.15704676508903503,0.3193129897117615,-0.03035879135131836,0.006085395812988281,-0.1761457920074463,0.03035879135131836
72574,1,0.1607605367898941,0.31537574529647827,-0.03136354684829712,0.004981338977813721,-0.18435043096542358,0.03136354684829712
72594,1,0.16469138860702515,0.3105677664279938,-0.032317399978637695,0.0033594220876693726,-0.19187131524085999,0.032317399978637695
72614,1,0.16877777874469757,0.30497458577156067,-0.03326672315597534,0.0012657493352890015,-0.1987726390361786,0.03326672315597534
72634,1,0.17298941314220428,0.29863783717155457,-0.03420957922935486,-0.0012844949960708618,-0.20507726073265076,0.03420957922935486
72654,1,0.17730394005775452,0.2916469871997833,-0.03524380922317505,-0.004283636808395386,-0.2108534872531891,0.03524380922317505
72674,1,0.18127141892910004,0.2846885621547699,-0.03619655966758728,-0.007295653223991394,-0.21676751971244812,0.03619655966758728
72694,1,0.1852891743183136,0.27716153860092163,-0.03714588284492493,-0.01073184609413147,-0.2221972942352295,0.03714588284492493
72714,1,0.1898178607225418,0.26864850521087646,-0.038217514753341675,-0.01506592333316803,-0.22670507431030273,0.038217514753341675
72735,1,0.19366657733917236,0.2603892982006073,-0.03914833068847656,-0.019119471311569214,-0.2315094769001007,0.03914833068847656
72754,1,0.1975645273923874,0.25146907567977905,-0.03998628258705139,-0.023633703589439392,-0.2356749176979065,0.03998628258705139
72774,1,0.20127244293689728,0.2424098551273346,-0.04067009687423706,-0.028380736708641052,-0.2397024929523468,0.04067009687423706
72794,1,0.2049982249736786,0.23273268342018127,-0.041230350732803345,-0.033579111099243164,-0.2430928647518158,0.041230350732803345
72814,1,0.20864470303058624,0.22222864627838135,-0.041596829891204834,-0.03872258961200714,-0.24301421642303467,0.041596829891204834
72834,1,0.21221096813678741,0.21192124485969543,-0.04184997081756592,-0.04456634819507599,-0.2456854283809662,0.04184997081756592
72854,1,0.21562384068965912,0.2015882134437561,-0.04197537899017334,-0.05071635544300079,-0.24825340509414673,0.04197537899017334
72874,1,0.21912570297718048,0.19063349068164825,-0.041963040828704834,-0.05742286145687103,-0.2501004934310913,0.041963040828704834
72894,1,0.22260238230228424,0.17934314906597137,-0.04190036654472351,-0.06457848846912384,-0.2514936327934265,0.04190036654472351
72915,1,0.2256775051355362,0.1688745766878128,-0.04183158278465271,-0.07181330025196075,-0.25356853008270264,0.04183158278465271
72934,1,0.22717790305614471,0.1636248677968979,-0.04187449812889099,-0.07795940339565277,-0.26070159673690796,0.04187449812889099
72955,1,0.2321740984916687,0.145762637257576,-0.04218539595603943,-0.0880914032459259,-0.25504302978515625,0.04218539595603943
72974,1,0.2347366213798523,0.1351454257965088,-0.042115628719329834,-0.09628355503082275,-0.2564302682876587,0.042115628719329834
72994,1,0.23610930144786835,0.12920482456684113,-0.042075663805007935,-0.10378192365169525,-0.26227396726608276,0.042075663805007935
73014,1,0.23888862133026123,0.11688771843910217,-0.04231905937194824,-0.11318457126617432,-0.261504203081131,0.04231905937194824
73034,1,0.24154314398765564,0.10429131984710693,-0.04260963201522827,-0.1229601800441742,-0.2601968050003052,0.04260963201522827
73054,1,0.24388974905014038,0.09140894562005997,-0.043055981397628784,-0.1329249143600464,-0.2583279311656952,0.043055981397628784
73074,1,0.24600286781787872,0.07821469008922577,-0.04355749487876892,-0.14315153658390045,-0.25585323572158813,0.04355749487876892
73094,1,0.24785223603248596,0.06471826881170273,-0.044086962938308716,-0.15360650420188904,-0.25276485085487366,0.044086962938308716
73114,1,0.24959392845630646,0.05006173253059387,-0.04474461078643799,-0.16444189846515656,-0.24818602204322815,0.04474461078643799
73134,1,0.2513522505760193,0.0295502208173275,-0.0455644428730011,-0.17382293939590454,-0.2354889214038849,0.0455644428730011
73154,1,0.2518298625946045,0.017372405156493187,-0.04586717486381531,-0.18425828218460083,-0.23275354504585266,0.04586717486381531
73174,1,0.2522580921649933,0.0036289840936660767,-0.046424806118011475,-0.19511398673057556,-0.22807730734348297,0.046424806118011475
73194,1,0.2525542378425598,-0.011865854263305664,-0.04705619812011719,-0.20629793405532837,-0.22125780582427979,0.04705619812011719
73215,1,0.2523222267627716,-0.024972502142190933,-0.047309666872024536,-0.2174040973186493,-0.21642011404037476,0.047309666872024536
73234,1,0.2516571581363678,-0.038287676870822906,-0.04729864001274109,-0.22851571440696716,-0.2109520137310028,0.04729864001274109
73254,1,0.25065234303474426,-0.053834788501262665,-0.047207534313201904,-0.2397129237651825,-0.20281648635864258,0.047207534313201904
73274,1,0.24991029500961304,-0.06108928471803665,-0.046887755393981934,-0.2515837252140045,-0.20252525806427002,0.046887755393981934
73295,1,0.24720536172389984,-0.08607766032218933,-0.04617014527320862,-0.2618820369243622,-0.1840381920337677,0.04617014527320862
73314,1,0.2446344494819641,-0.10126887261867523,-0.045201241970062256,-0.27267220616340637,-0.17487479746341705,0.045201241970062256
73334,1,0.24129730463027954,-0.11675876379013062,-0.04390841722488403,-0.28301936388015747,-0.1649286150932312,0.04390841722488403
73354,1,0.2370830774307251,-0.13243816792964935,-0.0422419011592865,-0.292779803276062,-0.15429557859897614,0.0422419011592865
73374,1,0.231802836060524,-0.14823909103870392,-0.04025891423225403,-0.3017324209213257,-0.14303569495677948,0.04025891423225403
73394,1,0.22536805272102356,-0.1640014350414276,-0.0379754900932312,-0.3097573220729828,-0.13129952549934387,0.0379754900932312
73414,1,0.2175687551498413,-0.1796097755432129,-0.035468608140945435,-0.3166140913963318,-0.1191941499710083,0.035468608140945435
73434,1,0.2083452343940735,-0.1948443502187729,-0.03285536170005798,-0.32221341133117676,-0.10693062841892242,0.03285536170005798
73454,1,0.2032141238451004,-0.20149800181388855,-0.03146478533744812,-0.3290414810180664,-0.10226598381996155,0.03146478533744812
73474,1,0.19123446941375732,-0.21674898266792297,-0.028748124837875366,-0.3351348042488098,-0.08934792876243591,0.028748124837875366
73495,1,0.1783781200647354,-0.230483740568161,-0.02622196078300476,-0.33743247389793396,-0.07695427536964417,0.02622196078300476
73514,1,0.1646466702222824,-0.24376258254051208,-0.02400606870651245,-0.33586591482162476,-0.06434813141822815,0.02400606870651245
73534,1,0.15014810860157013,-0.25511205196380615,-0.021982938051223755,-0.3366053104400635,-0.05333876609802246,0.021982938051223755
73554,1,0.1345159411430359,-0.26586461067199707,-0.020108133554458618,-0.3362228274345398,-0.04236960411071777,0.020108133554458618
73574,1,0.11785615235567093,-0.2753955125808716,-0.018419742584228516,-0.3348008096218109,-0.03206288814544678,0.018419742584228516
73594,1,0.1003108024597168,-0.2850785255432129,-0.016920775175094604,-0.33245736360549927,-0.02104020118713379,0.016920775175094604
73614,1,0.08152774721384048,-0.2944064140319824,-0.015534132719039917,-0.3288184106349945,-0.009814143180847168,0.015534132719039917
73634,1,0.06277568638324738,-0.302813321352005,-0.014291346073150635,-0.32513099908828735,0.001049429178237915,0.014291346073150635
73654,1,0.04306824877858162,-0.31091147661209106,-0.013126403093338013,-0.32038792967796326,0.012158095836639404,0.013126403093338013
73676,1,0.024010702967643738,-0.31859198212623596,-0.012114018201828003,-0.31617438793182373,0.02340415120124817,0.012114018201828003
73694,1,0.00514949019998312,-0.325080931186676,-0.011205554008483887,-0.3120174705982208,0.034005582332611084,0.011205554008483887
73714,1,-0.013224259950220585,-0.3310000002384186,-0.01042628288269043,-0.3081896901130676,0.044579654932022095,0.01042628288269043
73734,1,-0.03222516179084778,-0.3368368446826935,-0.00967833399772644,-0.3035585582256317,0.055599480867385864,0.00967833399772644
73754,1,-0.050610966980457306,-0.34210339188575745,-0.008927136659622192,-0.29934921860694885,0.06657710671424866,0.008927136659622192
73774,1,-0.06953571736812592,-0.34728649258613586,-0.008134812116622925,-0.29439109563827515,0.07799270749092102,0.008134812116622925
73794,1,-0.08774154633283615,-0.3519764542579651,-0.007399708032608032,-0.2899264395236969,0.08941584825515747,0.007399708032608032
73814,1,-0.10566715151071548,-0.35632577538490295,-0.0067642927169799805,-0.2828211486339569,0.09950748085975647,0.0067642927169799805
73836,1,-0.1245315745472908,-0.3608604371547699,-0.006330013275146484,-0.27988266944885254,0.11323079466819763,0.006330013275146484
73856,1,-0.1418667435646057,-0.36444997787475586,-0.005870938301086426,-0.2755244970321655,0.12498974800109863,0.005870938301086426
73874,1,-0.1583341509103775,-0.36755645275115967,-0.005355089902877808,-0.26923668384552,0.134954571723938,0.005355089902877808
73894,1,-0.17536894977092743,-0.3704383671283722,-0.00474315881729126,-0.2646629810333252,0.14679983258247375,0.00474315881729126
73914,1,-0.1917608678340912,-0.3728353977203369,-0.0039736926555633545,-0.26042869687080383,0.15857863426208496,0.0039736926555633545
73934,1,-0.20868712663650513,-0.3749025762081146,-0.0030364394187927246,-0.25534534454345703,0.17041930556297302,0.0030364394187927246
73954,1,-0.22495941817760468,-0.37644606828689575,-0.0019818246364593506,-0.2505906820297241,0.18211108446121216,0.0019818246364593506
73974,1,-0.24174527823925018,-0.3775663673877716,-0.0007632970809936523,-0.24498696625232697,0.19373014569282532,0.0007632970809936523
73994,1,-0.25792932510375977,-0.37819236516952515,0.0004906654357910156,-0.239641010761261,0.2051798701286316,-0.0004906654357910156
74014,1,-0.27463430166244507,-0.3783492147922516,0.0018424391746520996,-0.23342043161392212,0.21646538376808167,-0.0018424391746520996
74035,1,-0.2916317582130432,-0.3780038356781006,0.0030909180641174316,-0.22654592990875244,0.22751450538635254,-0.0030909180641174316
74055,1,-0.3081073462963104,-0.37714970111846924,0.0046713948249816895,-0.21982410550117493,0.23829782009124756,-0.0046713948249816895
74074,1,-0.3250039219856262,-0.37579938769340515,0.005845248699188232,-0.2123052477836609,0.24880310893058777,-0.005845248699188232
74094,1,-0.3404853641986847,-0.3741254508495331,0.007064878940582275,-0.20581886172294617,0.25916120409965515,-0.007064878940582275
74114,1,-0.35556939244270325,-0.3720618486404419,0.008205294609069824,-0.19934168457984924,0.26927292346954346,-0.008205294609069824
74134,1,-0.3712659478187561,-0.36951151490211487,0.009310543537139893,-0.19024723768234253,0.2765461504459381,-0.009310543537139893
74154,1,-0.3865296244621277,-0.3666434586048126,0.01029747724533081,-0.18287783861160278,0.2860276997089386,-0.01029747724533081
74174,1,-0.40234625339508057,-0.36324751377105713,0.011307716369628906,-0.1745535135269165,0.2950202226638794,-0.011307716369628906
74194,1,-0.417614609003067,-0.3595355451107025,0.012271761894226074,-0.16637161374092102,0.3036974370479584,-0.012271761894226074
74214,1,-0.43332424759864807,-0.355253666639328,0.013355612754821777,-0.157338947057724,0.3117634952068329,-0.013355612754821777
74234,1,-0.44840726256370544,-0.3506815433502197,0.014485359191894531,-0.14852085709571838,0.31945157051086426,-0.014485359191894531
74255,1,-0.4638509452342987,-0.3455277383327484,0.015660464763641357,-0.14004769921302795,0.3288362920284271,-0.015660464763641357
74275,1,-0.47861248254776,-0.3400634229183197,0.01680082082748413,-0.13063693046569824,0.3352707326412201,-0.01680082082748413
74294,1,-0.49271389842033386,-0.33434492349624634,0.017875730991363525,-0.12051525712013245,0.3389100134372711,-0.017875730991363525
74314,1,-0.5062053799629211,-0.3283620774745941,0.018768787384033203,-0.11162137985229492,0.3443906605243683,-0.018768787384033203
74334,1,-0.5199434757232666,-0.32168689370155334,0.019607961177825928,-0.10206162929534912,0.34893447160720825,-0.019607961177825928
74354,1,-0.5330235958099365,-0.31474220752716064,0.02027660608291626,-0.09274083375930786,0.3529759347438812,-0.02027660608291626
74374,1,-0.54633629322052,-0.3070763945579529,0.020881950855255127,-0.08276861906051636,0.3560746908187866,-0.020881950855255127
74394,1,-0.5589904189109802,-0.2991804778575897,0.021352529525756836,-0.07303684949874878,0.3587326109409332,-0.021352529525756836
74414,1,-0.5718222856521606,-0.29049986600875854,0.02169400453567505,-0.062710702419281,0.360405832529068,-0.02169400453567505
74436,1,-0.5839847922325134,-0.2816452980041504,0.021882176399230957,-0.0526389479637146,0.36171460151672363,-0.021882176399230957
74456,1,-0.5962461829185486,-0.2720487713813782,0.021938025951385498,-0.04205501079559326,0.36210060119628906,-0.021938025951385498
74474,1,-0.6077403426170349,-0.2620731294155121,0.021861672401428223,-0.03182804584503174,0.3619364798069,-0.021861672401428223
74494,1,-0.6185640096664429,-0.252322793006897,0.021816253662109375,-0.021724283695220947,0.35991787910461426,-0.021816253662109375
74514,1,-0.6287546753883362,-0.2424582690000534,0.021635353565216064,-0.012068986892700195,0.3595788776874542,-0.021635353565216064
74534,1,-0.6390114426612854,-0.23180559277534485,0.02135699987411499,-0.0019459724426269531,0.3583041727542877,-0.02135699987411499
74554,1,-0.6485995650291443,-0.22113928198814392,0.020934879779815674,0.007906138896942139,0.3568762540817261,-0.020934879779815674
74574,1,-0.6581965684890747,-0.20974357426166534,0.020317494869232178,0.018160998821258545,0.3545869290828705,-0.020317494869232178
74594,1,-0.6670805811882019,-0.1984238177537918,0.01954483985900879,0.02809196710586548,0.3522486686706543,-0.01954483985900879
74614,1,-0.6756284236907959,-0.1867966204881668,0.0185854434967041,0.0380709171295166,0.34948477149009705,-0.0185854434967041
74634,1,-0.684094250202179,-0.17408007383346558,0.01727384328842163,0.04834699630737305,0.3455198407173157,-0.01727384328842163
74654,1,-0.6920531988143921,-0.16179832816123962,0.015905261039733887,0.05848950147628784,0.341884046792984,-0.015905261039733887
74675,1,-0.6994562745094299,-0.15018346905708313,0.014498412609100342,0.06844431161880493,0.338815301656723,-0.014498412609100342
74694,1,-0.7068275809288025,-0.13678540289402008,0.01272493600845337,0.07872861623764038,0.3338688313961029,-0.01272493600845337
74714,1,-0.7142794132232666,-0.12277903407812119,0.01071786880493164,0.08944928646087646,0.32822471857070923,-0.01071786880493164
74734,1,-0.7212053537368774,-0.10934612900018692,0.008576631546020508,0.09999251365661621,0.3230694532394409,-0.008576631546020508
74754,1,-0.7269429564476013,-0.0968790054321289,0.006480216979980469,0.10968905687332153,0.31879982352256775,-0.006480216979980469
74774,1,-0.7328392267227173,-0.08352674543857574,0.0041425228118896484,0.11987900733947754,0.31356900930404663,-0.0041425228118896484
74794,1,-0.7376922965049744,-0.0710991844534874,0.0019438862800598145,0.1293531060218811,0.30919086933135986,-0.0019438862800598145
74814,1,-0.7404816150665283,-0.0648244097828865,0.0006819367408752441,0.13708281517028809,0.31089678406715393,-0.0006819367408752441
74834,1,-0.7446788549423218,-0.05241212248802185,-0.0014178752899169922,0.14545714855194092,0.30482202768325806,0.0014178752899169922
74854,1,-0.7486199140548706,-0.03962359204888344,-0.003571420907974243,0.15489423274993896,0.29989874362945557,0.003571420907974243
74874,1,-0.7519828081130981,-0.02630554884672165,-0.005637556314468384,0.16404950618743896,0.29438576102256775,0.005637556314468384
74896,1,-0.7548525333404541,-0.016110988333821297,-0.007398426532745361,0.17425096035003662,0.29348132014274597,0.007398426532745361
74914,1,-0.757398784160614,-0.004165052901953459,-0.009270131587982178,0.18190854787826538,0.2876843214035034,0.009270131587982178
74934,1,-0.7595006823539734,0.007520419545471668,-0.011026829481124878,0.19064301252365112,0.2836369574069977,0.011026829481124878
74954,1,-0.7613677382469177,0.019777636975049973,-0.012823283672332764,0.19940441846847534,0.27896586060523987,0.012823283672332764
74974,1,-0.7628903985023499,0.032209981232881546,-0.014510303735733032,0.20807427167892456,0.27406904101371765,0.014510303735733032
74994,1,-0.7640491724014282,0.04483454301953316,-0.016085505485534668,0.21662425994873047,0.26893067359924316,0.016085505485534668
75014,1,-0.7648684978485107,0.0576537624001503,-0.017523914575576782,0.22506892681121826,0.2635490596294403,0.017523914575576782
75034,1,-0.7653298377990723,0.07064751535654068,-0.018878698348999023,0.23337972164154053,0.25794509053230286,0.018878698348999023
75054,1,-0.7654445767402649,0.08383650332689285,-0.02012312412261963,0.24155908823013306,0.2520985007286072,0.02012312412261963
75076,1,-0.7651503086090088,0.09787365794181824,-0.021240532398223877,0.2495349645614624,0.24535658955574036,0.021240532398223877
75096,1,-0.7649042010307312,0.11058293282985687,-0.022031128406524658,0.2577534317970276,0.23989535868167877,0.022031128406524658
75114,1,-0.7635197639465332,0.12476399540901184,-0.0229816734790802,0.2650187015533447,0.2329147756099701,0.0229816734790802
75134,1,-0.7623266577720642,0.13762500882148743,-0.02366119623184204,0.2726498246192932,0.22720631957054138,0.02366119623184204
75154,1,-0.7608429789543152,0.15066364407539368,-0.024278312921524048,0.2783448100090027,0.2198546826839447,0.024278312921524048
75174,1,-0.7590816617012024,0.1634507030248642,-0.024854719638824463,0.28569644689559937,0.21413199603557587,0.024854719638824463
75194,1,-0.756964921951294,0.1768520325422287,-0.02540329098701477,0.2928396463394165,0.20774497091770172,0.02540329098701477
75214,1,-0.7546026110649109,0.1899062842130661,-0.025945544242858887,0.2998724579811096,0.2016533762216568,0.025945544242858887
75234,1,-0.7518378496170044,0.20350998640060425,-0.026507973670959473,0.30662834644317627,0.19495955109596252,0.026507973670959473
75254,1,-0.7487925887107849,0.2167263627052307,-0.027068227529525757,0.31321781873703003,0.1885983645915985,0.027068227529525757
75274,1,-0.745285153388977,0.23040305078029633,-0.027730464935302734,0.31945013999938965,0.18172068893909454,0.027730464935302734
75294,1,-0.7415297031402588,0.2436821162700653,-0.028366148471832275,0.3255273103713989,0.17518243193626404,0.028366148471832275
75314,1,-0.7372865676879883,0.25736337900161743,-0.029017359018325806,0.33119988441467285,0.1681816577911377,0.029017359018325806
75337,1,-0.7321696877479553,0.2711065709590912,-0.02988770604133606,0.3380780816078186,0.16237235069274902,0.02988770604133606
75355,1,-0.7270031571388245,0.2858438491821289,-0.030543208122253418,0.34095674753189087,0.152872234582901,0.030543208122253418
75374,1,-0.7216566205024719,0.2991074323654175,-0.031152665615081787,0.34571319818496704,0.14609399437904358,0.031152665615081787
75394,1,-0.715661883354187,0.31361547112464905,-0.03147566318511963,0.349861741065979,0.13800081610679626,0.03147566318511963
75414,1,-0.7096296548843384,0.3267170786857605,-0.0316774845123291,0.35400378704071045,0.13124126195907593,0.0316774845123291
75434,1,-0.7027320265769958,0.3409340977668762,-0.0317322313785553,0.3572999835014343,0.1232900619506836,0.0317322313785553
75454,1,-0.6958373188972473,0.3545180857181549,-0.03161779046058655,0.36061006784439087,0.11589261889457703,0.03161779046058655
75474,1,-0.6889019012451172,0.36770325899124146,-0.03138574957847595,0.3638782501220703,0.10881149768829346,0.03138574957847595
75494,1,-0.681924045085907,0.38042476773262024,-0.03111863136291504,0.3670944571495056,0.10210821032524109,0.03111863136291504
75514,1,-0.6761559844017029,0.39160680770874023,-0.0306892991065979,0.3714987635612488,0.09685522317886353,0.0306892991065979
75534,1,-0.6691790223121643,0.4034343659877777,-0.030460864305496216,0.374664843082428,0.09086361527442932,0.030460864305496216
75556,1,-0.6610252857208252,0.41564369201660156,-0.030323892831802368,0.37661123275756836,0.08439379930496216,0.030323892831802368
75574,1,-0.653265118598938,0.42762109637260437,-0.030088961124420166,0.3768969774246216,0.07693573832511902,0.030088961124420166
75594,1,-0.6459682583808899,0.4390525221824646,-0.029737740755081177,0.37960416078567505,0.07106024026870728,0.029737740755081177
75614,1,-0.6371915936470032,0.4509640038013458,-0.029409408569335938,0.38076359033584595,0.06459745764732361,0.029409408569335938
75634,1,-0.628725528717041,0.4624323844909668,-0.028981059789657593,0.3821566104888916,0.058466315269470215,0.028981059789657593
75654,1,-0.6189183592796326,0.4741651117801666,-0.028646498918533325,0.3821205496788025,0.05195489525794983,0.028646498918533325
75674,1,-0.6086223721504211,0.48576274514198303,-0.028211593627929688,0.3815012574195862,0.04545918107032776,0.028211593627929688
75694,1,-0.5979031324386597,0.4972609877586365,-0.02772924304008484,0.38035356998443604,0.038938820362091064,0.02772924304008484
75714,1,-0.5867003202438354,0.5086470246315002,-0.0272047221660614,0.378609299659729,0.03240257501602173,0.0272047221660614
75734,1,-0.5744236707687378,0.520449697971344,-0.02663281559944153,0.37566864490509033,0.025316834449768066,0.02663281559944153
75754,1,-0.5624433159828186,0.5315110683441162,-0.026041030883789062,0.3728943467140198,0.01883566379547119,0.026041030883789062
75774,1,-0.5506663918495178,0.5420297980308533,-0.025464683771133423,0.3701842427253723,0.012755751609802246,0.025464683771133423
75796,1,-0.5380235910415649,0.5522463321685791,-0.02502623200416565,0.3664611577987671,0.006831943988800049,0.02502623200416565
75814,1,-0.5270050764083862,0.5618941783905029,-0.024338722229003906,0.3642085790634155,0.0013263821601867676,0.024338722229003906
75834,1,-0.5146818161010742,0.571608304977417,-0.023692429065704346,0.3587808609008789,-0.005185484886169434,0.023692429065704346
75854,1,-0.5025759935379028,0.5812197327613831,-0.022889375686645508,0.3551441431045532,-0.01093679666519165,0.022889375686645508
75874,1,-0.48950737714767456,0.5906111001968384,-0.022251218557357788,0.3503689169883728,-0.01663154363632202,0.022251218557357788
75894,1,-0.4757596552371979,0.6000524163246155,-0.021643489599227905,0.34472981095314026,-0.022543787956237793,0.021643489599227905
75914,1,-0.4621720612049103,0.6088852286338806,-0.02110236883163452,0.3390660583972931,-0.028020262718200684,0.02110236883163452
75934,1,-0.4478985369205475,0.6176698207855225,-0.02067074179649353,0.33251848816871643,-0.03362542390823364,0.02067074179649353
75954,1,-0.4338451623916626,0.625870943069458,-0.020427018404006958,0.32599127292633057,-0.03882879018783569,0.020427018404006958
75974,1,-0.41915589570999146,0.6339864730834961,-0.020431220531463623,0.3186219334602356,-0.04413282871246338,0.020431220531463623
75996,1,-0.40461698174476624,0.6412075161933899,-0.020805567502975464,0.3125838339328766,-0.048232316970825195,0.020805567502975464
76015,1,-0.3927883207798004,0.6478516459465027,-0.020809948444366455,0.3062495291233063,-0.05295205116271973,0.020809948444366455
76034,1,-0.3779572546482086,0.6544985771179199,-0.021557658910751343,0.29808512330055237,-0.05737370252609253,0.021557658910751343
76054,1,-0.3644446134567261,0.6609413027763367,-0.0220792293548584,0.2910116910934448,-0.061795711517333984,0.0220792293548584
76074,1,-0.35026901960372925,0.6670828461647034,-0.02278202772140503,0.2830445170402527,-0.06612545251846313,0.02278202772140503
76094,1,-0.3356986343860626,0.6732460260391235,-0.023382127285003662,0.2744491398334503,-0.07069015502929688,0.023382127285003662
76114,1,-0.3216661214828491,0.6790409684181213,-0.02381846308708191,0.2661513090133667,-0.07510429620742798,0.02381846308708191
76134,1,-0.3072895109653473,0.6848500967025757,-0.024122029542922974,0.2572688162326813,-0.07975506782531738,0.024122029542922974
76154,1,-0.29358595609664917,0.6903191804885864,-0.02434346079826355,0.24881523847579956,-0.08429181575775146,0.02434346079826355
76174,1,-0.2796168923377991,0.6958279609680176,-0.024410367012023926,0.23985010385513306,-0.08909916877746582,0.024410367012023926
76195,1,-0.2734874486923218,0.6982638835906982,-0.02439439296722412,0.23847615718841553,-0.09106838703155518,0.02439439296722412
76215,1,-0.2611221671104431,0.7031271457672119,-0.024404793977737427,0.23061317205429077,-0.0957038402557373,0.024404793977737427
76235,1,-0.2488880306482315,0.7078996896743774,-0.024469494819641113,0.2218046337366104,-0.10046863555908203,0.024469494819641113
76254,1,-0.22957861423492432,0.7148774862289429,-0.024645745754241943,0.20654833316802979,-0.1076585054397583,0.024645745754241943
76274,1,-0.2178160697221756,0.7194070219993591,-0.024724870920181274,0.19858379662036896,-0.11265009641647339,0.024724870920181274
76294,1,-0.2056141495704651,0.7240527272224426,-0.024899810552597046,0.1899300217628479,-0.11801153421401978,0.024899810552597046
76314,1,-0.19432421028614044,0.7284499406814575,-0.025149285793304443,0.18193550407886505,-0.1233818531036377,0.025149285793304443
76334,1,-0.1828027218580246,0.7329820394515991,-0.025526612997055054,0.17346148192882538,-0.12914752960205078,0.025526612997055054
76354,1,-0.17787107825279236,0.7354708909988403,-0.025758206844329834,0.17132601141929626,-0.1331346035003662,0.025758206844329834
76374,1,-0.16091330349445343,0.7417967915534973,-0.02689036726951599,0.15691931545734406,-0.14122623205184937,0.02689036726951599
76395,1,-0.15111199021339417,0.7459909915924072,-0.027613401412963867,0.14942017197608948,-0.14745700359344482,0.027613401412963867
76415,1,-0.14146549999713898,0.7501745223999023,-0.02847421169281006,0.14183743298053741,-0.15395092964172363,0.02847421169281006
76435,1,-0.13202565908432007,0.7543352246284485,-0.029409795999526978,0.13422244787216187,-0.16069930791854858,0.029409795999526978
76454,1,-0.12232012301683426,0.758050799369812,-0.03043416142463684,0.12610524892807007,-0.16728222370147705,0.03043416142463684
76474,1,-0.11359132081270218,0.7619292736053467,-0.031388819217681885,0.1187373474240303,-0.174310564994812,0.031388819217681885
76494,1,-0.10478100180625916,0.7657720446586609,-0.03238791227340698,0.1110590398311615,-0.18158787488937378,0.03238791227340698
76514,1,-0.09652385115623474,0.7692660093307495,-0.03336182236671448,0.10371550917625427,-0.18880367279052734,0.03336182236671448
76534,1,-0.08819197118282318,0.7725701928138733,-0.034420132637023926,0.0960841029882431,-0.19611936807632446,0.034420132637023926
76554,1,-0.08032045513391495,0.7754628658294678,-0.035375237464904785,0.08870420604944229,-0.2033153772354126,0.035375237464904785
76574,1,-0.07244860380887985,0.7780336141586304,-0.036363184452056885,0.08108555525541306,-0.20953989028930664,0.036363184452056885
76594,1,-0.06530454009771347,0.7800174951553345,-0.03713056445121765,0.07407834380865097,-0.21635651588439941,0.03713056445121765
76614,1,-0.06205958500504494,0.7811949849128723,-0.03750801086425781,0.07078808546066284,-0.22266346216201782,0.03750801086425781
76634,1,-0.05530337989330292,0.7824063301086426,-0.038328588008880615,0.06380824744701385,-0.2293015718460083,0.038328588008880615
76654,1,-0.048632167279720306,0.7831536531448364,-0.03912872076034546,0.056743644177913666,-0.23577570915222168,0.03912872076034546
76674,1,-0.042109712958335876,0.7833465337753296,-0.03995591402053833,0.049674734473228455,-0.2419954538345337,0.03995591402053833
76694,1,-0.03569481894373894,0.7833078503608704,-0.04077312350273132,0.04256318137049675,-0.24828404188156128,0.04077312350273132
76714,1,-0.029375456273555756,0.7824025750160217,-0.04158437252044678,0.03541078418493271,-0.25400811433792114,0.04158437252044678
76734,1,-0.02320270799100399,0.7809880971908569,-0.04241454601287842,0.028284361585974693,-0.2595248222351074,0.04241454601287842
76754,1,-0.017233191058039665,0.7790622711181641,-0.04335463047027588,0.021250544115900993,-0.2648327350616455,0.04335463047027588
76774,1,-0.011248755268752575,0.7765637636184692,-0.044335126876831055,0.014102148823440075,-0.2698695659637451,0.044335126876831055
76794,1,-0.005656796507537365,0.773689329624176,-0.04528450965881348,0.007262307219207287,-0.2748327851295471,0.04528450965881348
76814,1,-0.00010034350270871073,0.7702810764312744,-0.046258360147476196,0.0003897836431860924,-0.27956318855285645,0.046258360147476196
76834,1,0.0050205085426568985,0.7661298513412476,-0.047334134578704834,-0.006101235281676054,-0.283852219581604,0.047334134578704834
76856,1,0.009812953881919384,0.7621516585350037,-0.04825165867805481,-0.012287251651287079,-0.2886127829551697,0.04825165867805481
76874,1,0.014218970201909542,0.7579827904701233,-0.04908609390258789,-0.017803404480218887,-0.29165130853652954,0.04908609390258789
76894,1,0.018418431282043457,0.7534581422805786,-0.049846500158309937,-0.023358508944511414,-0.29640161991119385,0.049846500158309937
76914,1,0.022403713315725327,0.7485973834991455,-0.050553709268569946,-0.028636492788791656,-0.30111241340637207,0.050553709268569946
76934,1,0.026361804455518723,0.7436885237693787,-0.051133543252944946,-0.033796701580286026,-0.3060690760612488,0.051133543252944946
76954,1,0.029868915677070618,0.7381086945533752,-0.051731109619140625,-0.03838944435119629,-0.310646116733551,0.051731109619140625
76974,1,0.03327348828315735,0.7320530414581299,-0.052247554063797,-0.04273898899555206,-0.31503725051879883,0.052247554063797
76994,1,0.03634044528007507,0.725925624370575,-0.05265909433364868,-0.04658770561218262,-0.31964224576950073,0.05265909433364868
77014,1,0.03921549394726753,0.7196228504180908,-0.0529501736164093,-0.0500604473054409,-0.3243553638458252,0.0529501736164093
77036,1,0.041549183428287506,0.7127669453620911,-0.05326089262962341,-0.05284141004085541,-0.3310878872871399,0.05326089262962341
77054,1,0.04390542581677437,0.7063173055648804,-0.05333670973777771,-0.05531813204288483,-0.3339177370071411,0.05333670973777771
77074,1,0.04610743373632431,0.699582040309906,-0.053284406661987305,-0.05745639652013779,-0.3390273451805115,0.053284406661987305
77094,1,0.04842635244131088,0.6928630471229553,-0.053037673234939575,-0.05945981666445732,-0.3444216847419739,0.053037673234939575
77114,1,0.05027560889720917,0.6853628754615784,-0.05286282300949097,-0.06072869151830673,-0.34929853677749634,0.05286282300949097
77134,1,0.05205133184790611,0.6773109436035156,-0.052573710680007935,-0.06164742261171341,-0.3538830280303955,0.052573710680007935
77154,1,0.05365431308746338,0.6692097783088684,-0.05218535661697388,-0.06210656464099884,-0.35867124795913696,0.05218535661697388
77174,1,0.05519650876522064,0.6604750156402588,-0.051574647426605225,-0.062209151685237885,-0.36307454109191895,0.051574647426605225
77195,1,0.05701478198170662,0.6460129022598267,-0.050460606813430786,-0.062284551560878754,-0.3619922399520874,0.050460606813430786
77215,1,0.05810626968741417,0.6413556337356567,-0.049763888120651245,-0.06132352352142334,-0.3709520101547241,0.049763888120651245
77234,1,0.05948914960026741,0.6316012144088745,-0.04867956042289734,-0.06083819270133972,-0.3722571134567261,0.04867956042289734
77254,1,0.06092333421111107,0.6214351058006287,-0.0474342405796051,-0.05965099856257439,-0.37611669301986694,0.0474342405796051
77274,1,0.06243585795164108,0.6108615398406982,-0.04614076018333435,-0.0582219623029232,-0.37978601455688477,0.04614076018333435
77294,1,0.06409890204668045,0.5997521877288818,-0.044721364974975586,-0.056621454656124115,-0.38312864303588867,0.044721364974975586
77314,1,0.06593677401542664,0.5870561599731445,-0.043172687292099,-0.0548735149204731,-0.3850882053375244,0.043172687292099
77334,1,0.06786169111728668,0.5746626853942871,-0.04167446494102478,-0.05289130657911301,-0.3875422477722168,0.04167446494102478
77354,1,0.06987641751766205,0.5624838471412659,-0.04017069935798645,-0.05067923665046692,-0.3903964161872864,0.04017069935798645
77374,1,0.07243599742650986,0.5498185157775879,-0.03852018713951111,-0.048695020377635956,-0.3929409980773926,0.03852018713951111
77394,1,0.07413206994533539,0.5366406440734863,-0.03720366954803467,-0.0455346442759037,-0.3951382637023926,0.03720366954803467
77414,1,0.07636084407567978,0.5238776803016663,-0.03576803207397461,-0.04259871691465378,-0.3979087471961975,0.03576803207397461
77434,1,0.0787251740694046,0.5105940699577332,-0.034408748149871826,-0.03949648141860962,-0.40030401945114136,0.034408748149871826
77455,1,0.08165884017944336,0.49742022156715393,-0.032994091510772705,-0.03666794300079346,-0.4029480516910553,0.032994091510772705
77474,1,0.08388000726699829,0.4824022650718689,-0.03182896971702576,-0.032839223742485046,-0.40387195348739624,0.03182896971702576
77494,1,0.08663889020681381,0.4679672420024872,-0.030609995126724243,-0.029269341379404068,-0.40549251437187195,0.030609995126724243
77514,1,0.08971560746431351,0.4525010287761688,-0.02926456928253174,-0.02574751526117325,-0.4061841666698456,0.02926456928253174
77534,1,0.09300749748945236,0.43650609254837036,-0.027932196855545044,-0.022180892527103424,-0.4064365029335022,0.027932196855545044
77554,1,0.09652704745531082,0.4200437366962433,-0.026651382446289062,-0.018593549728393555,-0.4062996208667755,0.026651382446289062
77574,1,0.1002030149102211,0.40378594398498535,-0.02547001838684082,-0.016412265598773956,-0.4031496047973633,0.02547001838684082
77594,1,0.10368146747350693,0.3865882456302643,-0.02437332272529602,-0.012365482747554779,-0.40237948298454285,0.02437332272529602
77614,1,0.10776939988136292,0.3698594272136688,-0.023274123668670654,-0.008714132010936737,-0.40209275484085083,0.023274123668670654
77634,1,0.11210115998983383,0.3526444435119629,-0.02225533127784729,-0.005105651915073395,-0.40129607915878296,0.02225533127784729
77654,1,0.11703567206859589,0.33520185947418213,-0.02109426259994507,-0.0019130855798721313,-0.4002111256122589,0.02109426259994507
77674,1,0.12180089205503464,0.3169274926185608,-0.02009645104408264,0.0016213133931159973,-0.398199200630188,0.02009645104408264
77694,1,0.12699200212955475,0.29764291644096375,-0.01904141902923584,0.00488688051700592,-0.39504730701446533,0.01904141902923584
77714,1,0.13228286802768707,0.27864351868629456,-0.018095582723617554,0.008193492889404297,-0.3920178711414337,0.018095582723617554
77734,1,0.1349366307258606,0.26945960521698,-0.017674297094345093,0.014262795448303223,-0.39861205220222473,0.017674297094345093
77756,1,0.1429976224899292,0.24088260531425476,-0.016617000102996826,0.016810983419418335,-0.3886731266975403,0.016617000102996826
77774,1,0.14905957877635956,0.22266526520252228,-0.015784800052642822,0.017894014716148376,-0.38267982006073,0.015784800052642822
77794,1,0.1554122120141983,0.2023361772298813,-0.01507517695426941,0.020538151264190674,-0.3773807883262634,0.01507517695426941
77814,1,0.16192331910133362,0.18229170143604279,-0.014332115650177002,0.023080572485923767,-0.37206631898880005,0.014332115650177002
77834,1,0.16878996789455414,0.1628606766462326,-0.013510048389434814,0.025305822491645813,-0.36704105138778687,0.013510048389434814
77854,1,0.17581456899642944,0.1422267109155655,-0.012818336486816406,0.025569885969161987,-0.3576829433441162,0.012818336486816406
77874,1,0.1831076443195343,0.12141967564821243,-0.01219823956489563,0.027391210198402405,-0.35064268112182617,0.01219823956489563
77894,1,0.1906290352344513,0.10048536211252213,-0.011737555265426636,0.02897128462791443,-0.34309300780296326,0.011737555265426636
77914,1,0.19815915822982788,0.08006750047206879,-0.01148676872253418,0.030509784817695618,-0.33565813302993774,0.01148676872253418
77934,1,0.20587411522865295,0.059729449450969696,-0.01139095425605774,0.03181260824203491,-0.3278855085372925,0.01139095425605774
77954,1,0.20957769453525543,0.050213731825351715,-0.011391878128051758,0.03705613315105438,-0.33050063252449036,0.011391878128051758
77974,1,0.2172280102968216,0.03084145113825798,-0.011563092470169067,0.03826342523097992,-0.3228111267089844,0.011563092470169067
77994,1,0.2291955053806305,0.0004361215978860855,-0.012240469455718994,0.035044699907302856,-0.3036266267299652,0.012240469455718994
78015,1,0.23736315965652466,-0.019138764590024948,-0.012819141149520874,0.035497307777404785,-0.2947979271411896,0.012819141149520874
78034,1,0.24572056531906128,-0.03875528275966644,-0.013481676578521729,0.03561273217201233,-0.28544241189956665,0.013481676578521729
78054,1,0.25455155968666077,-0.059060223400592804,-0.014285176992416382,0.035088419914245605,-0.27490389347076416,0.014285176992416382
78074,1,0.26329490542411804,-0.07862649857997894,-0.015240132808685303,0.034465402364730835,-0.2645997405052185,0.015240132808685303
78094,1,0.2724732458591461,-0.09877710044384003,-0.01649382710456848,0.03320303559303284,-0.25320035219192505,0.01649382710456848
78114,1,0.27694594860076904,-0.1077226921916008,-0.017197340726852417,0.036423176527023315,-0.25248777866363525,0.017197340726852417
78134,1,0.2861591875553131,-0.1273331493139267,-0.018678247928619385,0.03465959429740906,-0.24058647453784943,0.018678247928619385
78156,1,0.29525551199913025,-0.14621716737747192,-0.020415067672729492,0.03275302052497864,-0.22888383269309998,0.020415067672729492
78175,1,0.30883267521858215,-0.17364846169948578,-0.02332282066345215,0.026086241006851196,-0.20810194313526154,0.02332282066345215
78194,1,0.31795161962509155,-0.1915610134601593,-0.02534306049346924,0.023581087589263916,-0.19630476832389832,0.02534306049346924
78214,1,0.32745349407196045,-0.2099253535270691,-0.027533382177352905,0.020378828048706055,-0.18352022767066956,0.027533382177352905
78234,1,0.33676373958587646,-0.22754627466201782,-0.029660791158676147,0.017036259174346924,-0.17094272375106812,0.029660791158676147
78254,1,0.34645575284957886,-0.24556183815002441,-0.03185880184173584,0.01296377182006836,-0.1574346125125885,0.03185880184173584
78274,1,0.35587942600250244,-0.2628258764743805,-0.033961862325668335,0.0077741146087646484,-0.1433914303779602,0.033961862325668335
78294,1,0.3656645715236664,-0.2804447114467621,-0.036129146814346313,0.002939850091934204,-0.12931829690933228,0.036129146814346313
78314,1,0.3756651282310486,-0.298210084438324,-0.03821611404418945,-0.0025028586387634277,-0.11456802487373352,0.03821611404418945
78335,1,0.38497301936149597,-0.3145269751548767,-0.04003262519836426,-0.0068815648555755615,-0.10117393732070923,0.04003262519836426
78355,1,0.38931867480278015,-0.3220561742782593,-0.040855586528778076,-0.008280307054519653,-0.09517499804496765,0.040855586528778076
78375,1,0.3981308043003082,-0.33720090985298157,-0.04249635338783264,-0.013803333044052124,-0.08147746324539185,0.04249635338783264
78397,1,0.4116603136062622,-0.36051446199417114,-0.04479163885116577,-0.023981034755706787,-0.059225261211395264,0.04479163885116577
78414,1,0.420163631439209,-0.37483277916908264,-0.04625257849693298,-0.030620574951171875,-0.045210421085357666,0.04625257849693298
78434,1,0.4286801815032959,-0.3893149793148041,-0.04748299717903137,-0.037236154079437256,-0.03065970540046692,0.04748299717903137
78454,1,0.43720680475234985,-0.40395888686180115,-0.04853242635726929,-0.044348835945129395,-0.015456974506378174,0.04853242635726929
78474,1,0.44521692395210266,-0.4177400767803192,-0.04931727051734924,-0.051441043615341187,-0.0006351768970489502,0.04931727051734924
78494,1,0.4531976282596588,-0.43155473470687866,-0.05001842975616455,-0.05901172757148743,0.014692574739456177,0.05001842975616455
78514,1,0.4606170058250427,-0.44446688890457153,-0.050638824701309204,-0.06653645634651184,0.029580771923065186,0.050638824701309204
78534,1,0.46800535917282104,-0.4572851359844208,-0.05118611454963684,-0.07455527782440186,0.04482707381248474,0.05118611454963684
78554,1,0.47486361861228943,-0.4691423177719116,-0.05156433582305908,-0.08257389068603516,0.05955398082733154,0.05156433582305908
78575,1,0.4780019223690033,-0.4746096134185791,-0.051727116107940674,-0.08741149306297302,0.06832075119018555,0.051727116107940674
78594,1,0.48730769753456116,-0.4901946783065796,-0.05186641216278076,-0.0989600419998169,0.08762314915657043,0.05186641216278076
78615,1,0.49289780855178833,-0.4994504451751709,-0.051893413066864014,-0.10733997821807861,0.10100150108337402,0.051893413066864014
78634,1,0.49828994274139404,-0.5081027150154114,-0.05173102021217346,-0.1153615415096283,0.11323514580726624,0.05173102021217346
78654,1,0.5004302263259888,-0.511942446231842,-0.051654547452926636,-0.12128639221191406,0.12189435958862305,0.051654547452926636
78674,1,0.5055292844772339,-0.5197307467460632,-0.0511917769908905,-0.1307258903980255,0.13487029075622559,0.0511917769908905
78694,1,0.5105112195014954,-0.5271199345588684,-0.050457656383514404,-0.1406034231185913,0.14780071377754211,0.050457656383514404
78714,1,0.515051543712616,-0.5336121320724487,-0.049476057291030884,-0.1505942940711975,0.16017356514930725,0.049476057291030884
78734,1,0.5195872783660889,-0.5396279692649841,-0.04829999804496765,-0.16113430261611938,0.1723947525024414,0.04829999804496765
78754,1,0.5233753323554993,-0.5450395941734314,-0.04671141505241394,-0.17147600650787354,0.18432068824768066,0.04671141505241394
78774,1,0.5271303057670593,-0.5500065684318542,-0.044838786125183105,-0.18233126401901245,0.19609612226486206,0.044838786125183105
78796,1,0.5319411158561707,-0.5560774803161621,-0.04190140962600708,-0.19478338956832886,0.20925340056419373,0.04190140962600708
78816,1,0.5333086252212524,-0.5579187870025635,-0.040754735469818115,-0.20432549715042114,0.21844279766082764,0.040754735469818115
78834,1,0.5357183814048767,-0.5612555146217346,-0.0383872389793396,-0.21543589234352112,0.22937363386154175,0.0383872389793396
78854,1,0.5377790331840515,-0.5642722845077515,-0.03587216138839722,-0.22671416401863098,0.24021345376968384,0.03587216138839722
78874,1,0.5394826531410217,-0.5669670104980469,-0.033165693283081055,-0.23813840746879578,0.250943660736084,0.033165693283081055
78894,1,0.5408480167388916,-0.5694164633750916,-0.03018045425415039,-0.2476395070552826,0.2599635124206543,0.03018045425415039
78914,1,0.5417301654815674,-0.5714569091796875,-0.027273029088974,-0.2591225802898407,0.2703796327114105,0.027273029088974
78934,1,0.5421490669250488,-0.5732133984565735,-0.0242215096950531,-0.2706088423728943,0.28067708015441895,0.0242215096950531
78954,1,0.5421231389045715,-0.5746442079544067,-0.02109086513519287,-0.28210270404815674,0.29079633951187134,0.02109086513519287
78974,1,0.5416452288627625,-0.5757316946983337,-0.017875075340270996,-0.2935766875743866,0.30070286989212036,0.017875075340270996
78994,1,0.5406540632247925,-0.5764606595039368,-0.014561742544174194,-0.30495163798332214,0.31036442518234253,0.014561742544174194
79014,1,0.5389811396598816,-0.5767485499382019,-0.010823309421539307,-0.31603652238845825,0.319680780172348,0.010823309421539307
79034,1,0.5369388461112976,-0.5766714811325073,-0.007299363613128662,-0.32712283730506897,0.3287106454372406,0.007299363613128662
79054,1,0.5346399545669556,-0.576823353767395,-0.003860652446746826,-0.33829644322395325,0.33803093433380127,0.003860652446746826
79074,1,0.5316950082778931,-0.5760738849639893,-0.00040799379348754883,-0.3491419553756714,0.3464937210083008,0.00040799379348754883
79094,1,0.5284060835838318,-0.575088381767273,0.003026127815246582,-0.3599364161491394,0.3547475337982178,-0.003026127815246582
79114,1,0.5246292352676392,-0.5737862586975098,0.006563305854797363,-0.37050366401672363,0.36269477009773254,-0.006563305854797363
79134,1,0.5203918218612671,-0.5721476674079895,0.010152280330657959,-0.3808388113975525,0.3702978491783142,-0.010152280330657959
79154,1,0.5157121419906616,-0.5702413320541382,0.01382988691329956,-0.3909285366535187,0.37760889530181885,-0.01382988691329956
79174,1,0.5105136036872864,-0.5680155158042908,0.017622172832489014,-0.4006602168083191,0.384560227394104,-0.017622172832489014
79194,1,0.5048691630363464,-0.5654747486114502,0.021530449390411377,-0.40102413296699524,0.3856748342514038,-0.021530449390411377
79214,1,0.49870234727859497,-0.5626298785209656,0.025574207305908203,-0.3948573172092438,0.3828299641609192,-0.025574207305908203
79234,1,0.4917628765106201,-0.5587886571884155,0.029547154903411865,-0.3879178464412689,0.37898874282836914,-0.029547154903411865
79258,1,0.4852393865585327,-0.5566782355308533,0.0339198112487793,-0.3813943564891815,0.3768783211708069,-0.0339198112487793
79274,1,0.4768717288970947,-0.5519279837608337,0.0380018949508667,-0.37302669882774353,0.37212806940078735,-0.0380018949508667
79294,1,0.468914270401001,-0.5479016900062561,0.04178744554519653,-0.3650692403316498,0.3681017756462097,-0.04178744554519653
79314,1,0.4603336453437805,-0.5434741377830505,0.045482516288757324,-0.3564886152744293,0.36367422342300415,-0.045482516288757324
79334,1,0.45242705941200256,-0.5394688248634338,0.04843872785568237,-0.34858202934265137,0.35966891050338745,-0.04843872785568237
79354,1,0.4439166784286499,-0.535024106502533,0.05129820108413696,-0.3400716483592987,0.3552241921424866,-0.05129820108413696
79374,1,0.4354548454284668,-0.5304762125015259,0.05376088619232178,-0.3316098153591156,0.3506762981414795,-0.05376088619232178
79394,1,0.4264838993549347,-0.5255113840103149,0.055979788303375244,-0.3226388692855835,0.34571146965026855,-0.055979788303375244
79414,1,0.41696301102638245,-0.5196186900138855,0.057789385318756104,-0.31311798095703125,0.3398187756538391,-0.057789385318756104
79434,1,0.4076906442642212,-0.5141921639442444,0.05933213233947754,-0.30384561419487,0.334392249584198,-0.05933213233947754
79454,1,0.3987363576889038,-0.5088063478469849,0.06036388874053955,-0.2948913276195526,0.3290064334869385,-0.06036388874053955
79474,1,0.3895193040370941,-0.503125011920929,0.06103771924972534,-0.2856742739677429,0.32332509756088257,-0.06103771924972534
79494,1,0.379995197057724,-0.4969994127750397,0.061280786991119385,-0.2761501669883728,0.3171995282173157,-0.061280786991119385
79514,1,0.37165671586990356,-0.49161267280578613,0.06105870008468628,-0.26781168580055237,0.31181275844573975,-0.06105870008468628
79534,1,0.36355844140052795,-0.4861719012260437,0.060410261154174805,-0.25971341133117676,0.3063719868659973,-0.060410261154174805
79554,1,0.35612261295318604,-0.48104381561279297,0.05941426753997803,-0.25227758288383484,0.3012439012527466,-0.05941426753997803
79574,1,0.34895527362823486,-0.4759543240070343,0.0580940842628479,-0.24511024355888367,0.2961544394493103,-0.0580940842628479
79594,1,0.34210720658302307,-0.4708900451660156,0.05651766061782837,-0.23826217651367188,0.29109013080596924,-0.05651766061782837
79614,1,0.33478274941444397,-0.4649599492549896,0.054654061794281006,-0.23093771934509277,0.2851600646972656,-0.054654061794281006
79634,1,0.3286783695220947,-0.46010637283325195,0.05275678634643555,-0.22483333945274353,0.28030645847320557,-0.05275678634643555
79654,1,0.3230283558368683,-0.45542097091674805,0.05073833465576172,-0.2191833257675171,0.27562105655670166,-0.05073833465576172
79674,1,0.31778979301452637,-0.450896292924881,0.04866480827331543,-0.21394476294517517,0.271096408367157,-0.04866480827331543
79694,1,0.3131168782711029,-0.44671207666397095,0.04654771089553833,-0.2092718482017517,0.26691216230392456,-0.04654771089553833
79714,1,0.3088991641998291,-0.442861944437027,0.0444103479385376,-0.2050541341304779,0.263062059879303,-0.0444103479385376
79734,1,0.30524230003356934,-0.439424991607666,0.04228484630584717,-0.20139726996421814,0.25962507724761963,-0.04228484630584717
79754,1,0.3018514811992645,-0.4361531436443329,0.04014265537261963,-0.19800645112991333,0.2563532590866089,-0.04014265537261963
79774,1,0.2985491156578064,-0.4329017400741577,0.03789752721786499,-0.1947040855884552,0.25310182571411133,-0.03789752721786499
79797,1,0.2955456078052521,-0.4299176037311554,0.03575408458709717,-0.19170057773590088,0.2501177191734314,-0.03575408458709717
79814,1,0.2924785017967224,-0.42676016688346863,0.03353393077850342,-0.18863347172737122,0.24696026742458344,-0.03353393077850342
79834,1,0.28966936469078064,-0.42387232184410095,0.03145080804824829,-0.18582433462142944,0.24407242238521576,-0.03145080804824829
79854,1,0.286883145570755,-0.42102423310279846,0.029335319995880127,-0.1830381155014038,0.24122433364391327,-0.029335319995880127
79874,1,0.2841382622718811,-0.4181801378726959,0.027289092540740967,-0.1802932322025299,0.23838023841381073,-0.027289092540740967
79894,1,0.28166985511779785,-0.41571229696273804,0.02543431520462036,-0.17782482504844666,0.23591239750385284,-0.02543431520462036
79914,1,0.27941831946372986,-0.4134829044342041,0.023862779140472412,-0.17557328939437866,0.2336830049753189,-0.023862779140472412
79935,1,0.2770072817802429,-0.41099029779434204,0.02230161428451538,-0.17316225171089172,0.23119039833545685,-0.02230161428451538
79955,1,0.27470022439956665,-0.40859454870224,0.020929455757141113,-0.17085519433021545,0.2287946492433548,-0.020929455757141113
79974,1,0.2722930908203125,-0.40604543685913086,0.0196494460105896,-0.1684480607509613,0.22624553740024567,-0.0196494460105896
79994,1,0.26995620131492615,-0.40353530645370483,0.01849806308746338,-0.16611117124557495,0.22373540699481964,-0.01849806308746338
80014,1,0.2674843370914459,-0.4008495807647705,0.0173913836479187,-0.16363930702209473,0.22104968130588531,-0.0173913836479187
80034,1,0.2651973068714142,-0.39861777424812317,0.016363143920898438,-0.161352276802063,0.21881787478923798,-0.016363143920898438
80054,1,0.2628035545349121,-0.3959418833255768,0.01547861099243164,-0.1589585244655609,0.2161419838666916,-0.01547861099243164
80075,1,0.26026228070259094,-0.39279764890670776,0.014643549919128418,-0.15641725063323975,0.21299774944782257,-0.014643549919128418
80095,1,0.2577628791332245,-0.38998138904571533,0.013789176940917969,-0.1539178490638733,0.21018148958683014,-0.013789176940917969
80114,1,0.2551891505718231,-0.3870585560798645,0.01291126012802124,-0.15134412050247192,0.2072586566209793,-0.01291126012802124
80134,1,0.2524355351924896,-0.38389718532562256,0.012010276317596436,-0.14859050512313843,0.20409728586673737,-0.012010276317596436
80154,1,0.2496991604566574,-0.38074859976768494,0.011090993881225586,-0.1458541303873062,0.20094870030879974,-0.011090993881225586
80174,1,0.2467857450246811,-0.3773408830165863,0.010128438472747803,-0.1429407149553299,0.1975409835577011,-0.010128438472747803
80194,1,0.24391679465770721,-0.3739866018295288,0.009150922298431396,-0.14007176458835602,0.19418670237064362,-0.009150922298431396
80214,1,0.24093475937843323,-0.3704264461994171,0.008128345012664795,-0.13708972930908203,0.19062654674053192,-0.008128345012664795
80234,1,0.23782804608345032,-0.36685439944267273,0.0069800615310668945,-0.13398301601409912,0.18705449998378754,-0.0069800615310668945
80254,1,0.23472313582897186,-0.36304372549057007,0.005883693695068359,-0.13087810575962067,0.18324382603168488,-0.005883693695068359
80274,1,0.23180824518203735,-0.3595089614391327,0.004793226718902588,-0.12796321511268616,0.1797090619802475,-0.004793226718902588
80294,1,0.2290625274181366,-0.3561376929283142,0.00371628999710083,-0.1252174973487854,0.17633779346942902,-0.00371628999710083
80314,1,0.2264656126499176,-0.3527696430683136,0.0026865005493164062,-0.1226205825805664,0.1729697436094284,-0.0026865005493164062
80334,1,0.2238607108592987,-0.34961187839508057,0.0015967488288879395,-0.12001568078994751,0.16981197893619537,-0.0015967488288879395
80354,1,0.2213616818189621,-0.34661561250686646,0.0005332827568054199,-0.1175166517496109,0.16681571304798126,-0.0005332827568054199
80374,1,0.21883584558963776,-0.3436191976070404,-0.0005495250225067139,-0.11499081552028656,0.1638192981481552,0.0005495250225067139
80394,1,0.21645471453666687,-0.34081900119781494,-0.001647353172302246,-0.11260968446731567,0.16101910173892975,0.001647353172302246
80414,1,0.21403786540031433,-0.3380286991596222,-0.0027787089347839355,-0.11019283533096313,0.158228799700737,0.0027787089347839355
80434,1,0.21174636483192444,-0.335466206073761,-0.003870755434036255,-0.10790133476257324,0.1556663066148758,0.003870755434036255
80454,1,0.20948007702827454,-0.33296719193458557,-0.004984617233276367,-0.10563504695892334,0.15316729247570038,0.004984617233276367
80474,1,0.20840103924274445,-0.3318019509315491,-0.00554966926574707,-0.10455600917339325,0.15200205147266388,0.00554966926574707
80494,1,0.20519153773784637,-0.328485906124115,-0.007311433553695679,-0.10134650766849518,0.1486860066652298,0.007311433553695679
80515,1,0.20423711836338043,-0.327460914850235,-0.007850319147109985,-0.10039208829402924,0.1476610153913498,0.007850319147109985
80535,1,0.20127832889556885,-0.32439208030700684,-0.009444385766983032,-0.09743329882621765,0.14459218084812164,0.009444385766983032
80554,1,0.2004794180393219,-0.32351550459861755,-0.009898513555526733,-0.0966343879699707,0.14371560513973236,0.009898513555526733
80575,1,0.1989075243473053,-0.32178542017936707,-0.010785996913909912,-0.0950624942779541,0.14198552072048187,0.010785996913909912
80594,1,0.19756388664245605,-0.32030749320983887,-0.01152890920639038,-0.09371885657310486,0.14050759375095367,0.01152890920639038
80614,1,0.19630937278270721,-0.3190435767173767,-0.012115061283111572,-0.09246434271335602,0.13924367725849152,0.012115061283111572
80634,1,0.1952296495437622,-0.3177686929702759,-0.012715011835098267,-0.09138461947441101,0.13796879351139069,0.012715011835098267
80654,1,0.19421783089637756,-0.31650441884994507,-0.01327487826347351,-0.09037280082702637,0.13670451939105988,0.01327487826347351
80674,1,0.19331878423690796,-0.3153386116027832,-0.013753384351730347,-0.08947375416755676,0.135538712143898,0.013753384351730347
80694,1,0.19248968362808228,-0.3142099678516388,-0.014202713966369629,-0.08864465355873108,0.1344100683927536,0.014202713966369629
80714,1,0.19169582426548004,-0.31309816241264343,-0.014652013778686523,-0.08785079419612885,0.13329826295375824,0.014652013778686523
80734,1,0.19094868004322052,-0.3120480477809906,-0.015073984861373901,-0.08710364997386932,0.1322481483221054,0.015073984861373901
80754,1,0.19020341336727142,-0.311001718044281,-0.015536129474639893,-0.08635838329792023,0.1312018185853958,0.015536129474639893
80774,1,0.18946810066699982,-0.3099866807460785,-0.0160234272480011,-0.08562307059764862,0.1301867812871933,0.0160234272480011
80795,1,0.18888597190380096,-0.30900734663009644,-0.016567885875701904,-0.08504094183444977,0.12920744717121124,0.016567885875701904
80814,1,0.1880444586277008,-0.3081105351448059,-0.01690235733985901,-0.08419942855834961,0.12831063568592072,0.01690235733985901
80834,1,0.18733403086662292,-0.3072252869606018,-0.017250895500183105,-0.08348900079727173,0.1274253875017166,0.017250895500183105
80854,1,0.18652108311653137,-0.3063639998435974,-0.017494499683380127,-0.08267605304718018,0.12656410038471222,0.017494499683380127
80874,1,0.18582463264465332,-0.3055287301540375,-0.017789512872695923,-0.08197960257530212,0.12572883069515228,0.017789512872695923
80894,1,0.18512077629566193,-0.30469587445259094,-0.018030405044555664,-0.08127574622631073,0.12489597499370575,0.018030405044555664
80914,1,0.18440242111682892,-0.30384349822998047,-0.01822558045387268,-0.08055739104747772,0.12404359877109528,0.01822558045387268
80934,1,0.1836780309677124,-0.302995502948761,-0.018392086029052734,-0.0798330008983612,0.1231956034898758,0.018392086029052734
80954,1,0.1829466074705124,-0.3021644949913025,-0.018551170825958252,-0.0791015774011612,0.1223645955324173,0.018551170825958252
80974,1,0.18241354823112488,-0.30143508315086365,-0.01876533031463623,-0.07856851816177368,0.12163518369197845,0.01876533031463623
80994,1,0.18155424296855927,-0.30054977536201477,-0.018864870071411133,-0.07770921289920807,0.12074987590312958,0.018864870071411133
81014,1,0.18089242279529572,-0.2997478246688843,-0.019054174423217773,-0.07704739272594452,0.11994792520999908,0.019054174423217773
81034,1,0.18024946749210358,-0.29894691705703735,-0.019225329160690308,-0.07640443742275238,0.11914701759815216,0.019225329160690308
81054,1,0.17960214614868164,-0.2981211245059967,-0.019352108240127563,-0.07575711607933044,0.11832122504711151,0.019352108240127563
81074,1,0.17897208034992218,-0.29735973477363586,-0.019375473260879517,-0.07512705028057098,0.11755983531475067,0.019375473260879517
81094,1,0.17839136719703674,-0.29665982723236084,-0.0193844735622406,-0.07454633712768555,0.11685992777347565,0.0193844735622406
81114,1,0.17781950533390045,-0.2959670424461365,-0.01938501000404358,-0.07397447526454926,0.11616714298725128,0.01938501000404358
81134,1,0.17730559408664703,-0.29532918334007263,-0.019396096467971802,-0.07346056401729584,0.11552928388118744,0.019396096467971802
81154,1,0.17684626579284668,-0.2947205603122711,-0.01938501000404358,-0.07300123572349548,0.11492066085338593,0.01938501000404358
81174,1,0.17644326388835907,-0.29418012499809265,-0.019324928522109985,-0.07259823381900787,0.11438022553920746,0.019324928522109985
81194,1,0.17604875564575195,-0.29362624883651733,-0.01924443244934082,-0.07220372557640076,0.11382634937763214,0.01924443244934082
81214,1,0.17567618191242218,-0.29312074184417725,-0.01919415593147278,-0.07183115184307098,0.11332084238529205,0.01919415593147278
81234,1,0.17529278993606567,-0.2926109731197357,-0.01922723650932312,-0.07144775986671448,0.11281107366085052,0.01922723650932312
81254,1,0.17513418197631836,-0.2922300398349762,-0.019386261701583862,-0.07128915190696716,0.112430140376091,0.019386261701583862
81274,1,0.17458505928516388,-0.29169216752052307,-0.019593119621276855,-0.07074002921581268,0.11189226806163788,0.019593119621276855
81294,1,0.17422515153884888,-0.2913252115249634,-0.01986601948738098,-0.07038012146949768,0.11152531206607819,0.01986601948738098
81314,1,0.1736728996038437,-0.2909165024757385,-0.02013811469078064,-0.06982786953449249,0.11111660301685333,0.02013811469078064
81334,1,0.17327243089675903,-0.2906052768230438,-0.02038136124610901,-0.06942740082740784,0.11080537736415863,0.02038136124610901
81354,1,0.17287369072437286,-0.29032281041145325,-0.020606279373168945,-0.06902866065502167,0.11052291095256805,0.020606279373168945
81374,1,0.17247001826763153,-0.29006248712539673,-0.02081918716430664,-0.06862498819828033,0.11026258766651154,0.02081918716430664
81394,1,0.1720656007528305,-0.2897859811782837,-0.021059483289718628,-0.06822057068347931,0.1099860817193985,0.021059483289718628
81414,1,0.171676367521286,-0.28952962160110474,-0.021345198154449463,-0.06783133745193481,0.10972972214221954,0.021345198154449463
81434,1,0.1712680459022522,-0.28922605514526367,-0.02172243595123291,-0.067423015832901,0.10942615568637848,0.02172243595123291
81454,1,0.17092280089855194,-0.2889721989631653,-0.02215343713760376,-0.06707777082920074,0.10917229950428009,0.02215343713760376
81475,1,0.17080196738243103,-0.2887708842754364,-0.022564738988876343,-0.06695693731307983,0.10897098481655121,0.022564738988876343
81495,1,0.17050877213478088,-0.28850284218788147,-0.023013412952423096,-0.06666374206542969,0.10870294272899628,0.023013412952423096
81514,1,0.17023593187332153,-0.2882400155067444,-0.023409157991409302,-0.06639090180397034,0.10844011604785919,0.023409157991409302
81534,1,0.16999907791614532,-0.287966251373291,-0.023743391036987305,-0.06615404784679413,0.10816635191440582,0.023743391036987305
81554,1,0.16978569328784943,-0.2876774072647095,-0.023983031511306763,-0.06594066321849823,0.10787750780582428,0.023983031511306763
81574,1,0.1695939153432846,-0.2873457670211792,-0.02420210838317871,-0.06574888527393341,0.107545867562294,0.02420210838317871
81594,1,0.16937874257564545,-0.2869647145271301,-0.02440837025642395,-0.06553371250629425,0.10716481506824493,0.02440837025642395
81614,1,0.16921807825565338,-0.28658488392829895,-0.024620771408081055,-0.06537304818630219,0.10678498446941376,0.024620771408081055
81634,1,0.1690739095211029,-0.28618165850639343,-0.024783968925476074,-0.06522887945175171,0.10638175904750824,0.024783968925476074
81654,1,0.16898702085018158,-0.2857847511768341,-0.025013893842697144,-0.06514199078083038,0.10598485171794891,0.025013893842697144
81674,1,0.16890119016170502,-0.2853497564792633,-0.025263220071792603,-0.06505616009235382,0.10554985702037811,0.025263220071792603
81694,1,0.16908250749111176,-0.2850302457809448,-0.025481045246124268,-0.06523747742176056,0.10523034632205963,0.025481045246124268
81714,1,0.16888673603534698,-0.2845466136932373,-0.025805294513702393,-0.06504170596599579,0.10474671423435211,0.025805294513702393
81734,1,0.16892863810062408,-0.28417593240737915,-0.026083320379257202,-0.06508360803127289,0.10437603294849396,0.026083320379257202
81754,1,0.16881132125854492,-0.2837322950363159,-0.02642694115638733,-0.06496629118919373,0.10393239557743073,0.02642694115638733
81774,1,0.16892221570014954,-0.2834021747112274,-0.026680409908294678,-0.06507718563079834,0.10360227525234222,0.026680409908294678
81794,1,0.16884954273700714,-0.2830406725406647,-0.026904433965682983,-0.06500451266765594,0.10324077308177948,0.026904433965682983
81814,1,0.16898711025714874,-0.28277865052223206,-0.027104884386062622,-0.06514208018779755,0.10297875106334686,0.027104884386062622
